ImageId,Label,pos_x,pos_y,width,height
1000,A
10011,A
10015,A
10016,B
10020,C
10025,A
10027,A
10028,A
10032,A
10033,A
10036,A
10039,A
1004,C
10042,C
10043,A
10044,A
10046,A
1005,A
10054,A
10056,A
10060,C
10061,A
10071,A
10074,A
10080,A
10089,A
10092,A
10096,A
10101,A
10102,C
10108,A
10112,A
10130,A
10132,A
10140,A
10150,A
10156,A
10158,A
10161,A
10167,A
10168,A
10171,A
10176,C
10177,A
10181,A
10184,A
10185,A
10188,A
10190,A
10203,A
10204,A
10209,A
1021,B
10214,A
10217,A
10221,A
10231,A
10235,C
10236,A
1024,A
10240,C
10242,A
10243,A
10255,A
10257,C
10260,A
10266,A
10267,A
10269,A
10272,A
10274,B
10285,A
10287,A
1029,A
10294,A
10300,A
10307,C
10308,A
10309,A
10315,A
10323,A
10324,A
10327,C
10328,A
10330,A
10335,A
10336,C
10339,A
10340,C
10355,A
10361,A
10362,A
10363,A
10366,A
10368,A
10369,A
10393,A
10395,A
10399,A
1040,A
10400,A
10402,A
10404,A
10407,C
10412,C
10416,A
10419,A
1042,A
10425,A
10426,A
1043,B
10435,A
10437,A
10445,A
10449,A
10465,A
10466,C
10469,A
10475,A
10476,A
10486,A
10492,A
105,B
10503,A
10506,A
10509,A
10511,A
10519,A
1053,A
10530,A
10533,A
10534,A
10538,C
10539,A
10545,C
10548,A
10551,A
10574,A
1058,C
10580,A
1059,A
10602,A
10605,A
10607,C
10615,A
10622,A
10629,C
10635,A
10642,A
10647,A
10649,A
10661,A
10668,A
10675,C
10676,A
10679,A
10687,A
1069,A
107,A
10705,A
10707,A
10708,A
10710,A
10719,A
10729,A
10731,A
10738,A
10741,C
10746,A
10747,A
10753,A
10758,A
10760,A
10767,A
10768,A
10774,A
10777,A
1078,A
10788,A
10802,A
10804,A
10809,A
10823,A
10825,A
10828,A
10831,A
10845,A
10852,A
10858,A
10866,A
10869,A
10882,A
10890,A
10899,C
1090,A
10900,A
10903,A
10905,A
10910,A
10913,A
10919,A
10925,A
10927,A
10928,A
10933,A
1094,A
10949,C
10952,A
10959,A
10960,A
10961,C
10969,C
10971,B
10976,A
10981,A
10984,B
1099,A
10991,A
10994,B
10998,A
11004,C
11007,A
11008,A
11010,A
11011,A
11014,A
11021,A
11028,A
11031,A
11035,A
11037,A
11045,B
11047,C
11052,A
11054,B
11055,B
1106,A
11070,C
11071,C
11073,A
1108,B
11087,A
11088,C
11090,B
11093,C
111,A
11107,A
11109,A
11116,A
11119,B
1112,A
11126,A
11127,B
11131,C
11132,B
11139,B
11140,B
11147,C
11162,A
11165,A
11168,B
11169,A
11175,A
11182,B
11183,B
11185,C
11186,C
11189,A
11190,A
11195,A
11197,A
11199,A
11201,A
11214,A
11215,A
11216,A
11226,A
11227,A
11229,A
11237,C
11242,B
11254,A
11258,A
11259,A
11267,B
11268,B
11269,A
11273,C
11274,A
11275,A
11278,A
11282,B
11285,A
11286,A
11287,A
11296,B
11301,A
11305,B
11307,A
11312,B
11319,B
11320,A
11321,C
11322,C
11325,B
11328,A
1133,B
11336,A
11337,A
11340,A
11341,A
11345,A
1135,A
11351,A
11362,A
11364,B
11371,B
11378,A
11381,B
11382,A
11387,A
11388,C
1139,B
11396,B
11406,B
1141,B
11419,B
11421,A
1143,A
11431,C
11432,A
11442,A
11447,B
11451,C
11455,B
1147,B
11475,A
11479,B
11482,B
11484,A
11490,A
11494,B
11503,B
11505,B
1151,B
11523,A
11527,A
11532,A
11533,A
11548,A
11551,C
11552,A
11564,A
11575,A
11578,A
11579,A
11583,C
11590,C
11592,C
11593,A
116,A
11607,A
11614,B
11617,B
11621,B
11629,C
1163,B
11631,C
11634,B
11635,C
11639,A
11647,A
11655,A
11660,B
11665,C
11672,A
11677,A
11683,B
11685,A
11698,B
117,A
11706,A
11714,A
11715,A
11716,A
11717,A
11718,A
11722,B
1173,B
11732,A
11737,A
11751,B
11754,A
11755,B
11756,B
11761,B
11767,B
11775,A
11781,A
11786,A
11787,A
1179,B
11800,A
11805,A
11809,B
11816,B
11817,A
11818,B
11821,A
11835,B
11836,C
11844,B
11850,B
11851,B
11857,A
11862,B
11866,A
11871,B
11872,B
11877,A
11884,A
11890,B
11891,A
11896,A
11897,B
11904,A
11905,B
11907,B
1191,B
1192,B
11923,A
11925,B
11926,B
11927,A
11933,A
11935,B
11941,B
11944,B
11946,A
11953,A
11957,A
11959,A
1197,B
11973,B
11974,A
11980,B
1199,B
11990,B
11997,B
1200,B
12006,A
12008,A
12010,B
12017,A
1203,A
12040,A
12042,B
12054,B
12056,B
12059,B
12061,A
12063,B
1207,B
12071,A
12074,B
12075,B
12085,B
12099,B
12106,B
12109,C
12124,A
1213,B
12131,A
12132,A
12134,B
12135,B
12143,B
12145,B
12146,B
12147,A
1215,B
1216,B
12164,A
12165,A
12171,B
12176,A
12180,B
12187,B
12194,A
12199,B
12205,B
12206,A
12209,C
12214,B
1222,C
12222,B
12230,A
12231,A
12236,A
12248,A
12251,A
12252,A
12253,A
12254,B
12257,B
12262,A
12268,A
12272,B
12278,A
12292,A
12294,A
12295,C
12300,B
12304,B
12305,A
12310,A
12315,A
12316,B
12317,B
12318,A
12321,A
12328,A
12329,B
1234,B
12346,A
12348,A
12349,A
12351,A
12356,A
1236,A
12360,A
12363,B
12372,C
12380,B
12384,A
12395,A
12396,B
124,A
12400,B
12402,A
12411,B
12412,A
12415,A
12418,B
12421,A
12428,A
12436,A
12437,B
12440,B
12441,C
12443,A
12445,B
12446,B
12449,B
12464,A
12468,B
1247,B
12473,A
12478,B
1248,B
12484,A
12485,A
12495,A
12498,A
1250,B
12513,B
12522,A
12538,B
12541,A
12554,B
12558,B
1256,B
12563,A
12570,A
12574,A
12581,C
12586,A
12587,A
1259,B
12595,B
126,B
12610,B
12616,A
12617,B
12625,B
12626,A
12629,A
1263,B
12630,A
12631,A
12642,A
12649,B
12660,A
12668,B
12671,B
12672,B
12673,C
12684,B
12685,A
12689,B
12690,A
12691,A
12694,A
12707,A
1271,C
12710,A
12713,B
12716,A
12719,A
12720,A
12724,A
12725,A
12728,A
12729,A
12738,A
12740,A
12745,A
1275,B
12764,A
12768,A
12772,A
12775,A
12779,C
12785,A
12787,A
12788,A
12795,A
12799,A
128,A
1280,C
12800,A
12802,A
12805,A
12815,A
12818,A
12819,A
12823,A
12824,A
12826,A
1283,B
12830,A
12831,A
12835,A
12840,A
1285,B
12870,A
12873,A
12878,A
12882,A
12885,A
12896,A
12900,A
12906,A
12918,A
12920,A
12922,A
12927,A
12929,A
1293,A
12939,A
12940,A
12946,A
12950,A
12959,A
12960,A
12961,A
12965,A
12967,A
12970,C
12986,A
12987,A
12988,A
12989,A
12993,A
12997,C
13004,B
13005,A
13014,A
1302,B
13026,A
13027,B
13028,B
1303,B
13037,B
13038,A
13041,A
13044,A
13046,A
1305,B
13054,C
13057,A
13058,A
1306,A
13063,A
13068,B
1307,A
13072,A
13076,C
13078,C
13088,A
13090,A
13099,A
13100,B
13105,B
13106,C
13108,A
13112,A
13113,B
13114,A
1312,C
13121,A
13127,A
13131,A
13135,A
13136,C
13140,B
13141,B
13144,B
13148,A
13154,A
13156,A
13159,C
13160,B
13162,A
13169,A
13177,A
13183,A
13196,A
13216,A
13225,A
13226,A
13227,B
13231,C
13232,A
13237,B
13243,A
13246,A
13255,A
13256,A
13262,A
13266,A
13271,A
13276,A
13279,A
1328,B
13284,A
13285,A
13286,A
1329,A
13290,B
13291,A
13298,A
13300,A
13303,A
13309,A
13316,C
1332,A
13332,A
13333,A
13340,A
13343,C
13345,B
1335,A
13358,A
13364,A
13366,A
13375,A
13378,A
13400,A
13405,B
1341,B
13412,B
13423,A
13432,C
13433,A
13443,C
13444,A
13447,A
13448,A
13449,B
13450,B
1346,C
13460,A
13461,A
13465,A
13467,A
13479,A
1348,B
13483,A
13493,A
13495,A
13498,A
1350,A
13507,B
13516,A
13522,A
13526,C
13528,A
13530,B
13535,A
13544,B
13548,A
13550,A
13556,C
13564,C
1357,C
13574,A
13575,A
13578,A
13580,A
13586,A
13605,A
1361,A
13614,A
13617,B
13627,B
13628,A
13631,C
13634,A
13637,A
13639,A
13643,A
13645,B
13650,C
13660,B
13662,A
13669,C
13676,A
13677,A
13681,A
13696,B
137,B
13701,A
13702,A
13703,A
13705,B
13707,A
13711,A
13724,C
1373,A
13731,A
13735,A
13746,B
13751,A
1376,A
13760,A
13767,A
13773,A
13780,A
13790,A
13794,C
13797,B
13800,C
13801,A
13811,C
13832,B
13837,A
13842,A
13847,A
13851,A
13853,A
13855,A
13856,B
13858,C
13860,A
13869,A
1387,A
13875,B
13878,A
13880,A
13885,A
1389,A
13894,B
13898,C
13903,A
13904,C
13916,B
13930,B
13931,A
13945,C
13952,B
13953,A
13966,B
13968,A
1397,B
13970,B
13974,A
13976,B
13978,B
1398,A
13983,A
13985,A
13992,B
140,A
1400,A
14008,A
14012,C
1402,B
14020,A
14024,A
14026,C
14029,A
14031,A
14032,B
14035,B
14038,A
1404,A
14046,A
14050,A
14057,C
14063,A
14071,C
14072,A
14074,A
14079,A
14086,B
14090,A
14094,A
14096,C
14098,A
14099,C
14106,A
14108,B
14111,B
14116,C
14118,A
14122,A
14126,A
14132,A
1414,B
14148,A
14161,A
14167,A
14174,A
14177,A
14178,B
1418,B
14182,C
14186,A
14187,C
1419,C
14190,A
14202,C
14206,A
14209,A
14212,A
14213,A
14215,A
14222,A
14244,A
14246,C
1425,A
14250,A
14252,B
14257,A
14258,C
14259,A
14266,B
14268,A
14272,B
14283,A
14285,B
1429,C
14295,C
14309,A
14315,B
14319,C
1432,B
14327,A
14328,B
14332,A
14345,A
1435,B
14350,A
14371,C
14373,A
1438,B
14380,B
14382,B
14384,B
14399,B
14402,C
14409,B
14410,A
14412,B
14415,A
14417,A
14422,A
14429,A
14437,A
14442,A
14448,A
14453,A
14455,A
14460,A
14462,B
14468,A
14471,A
14477,B
14480,A
14481,A
14490,B
14495,A
14496,A
145,A
14503,A
14509,B
14512,A
14514,C
14515,A
1452,B
14520,A
14521,B
14526,B
1453,C
14537,A
14540,A
14547,A
14555,B
14556,A
14568,A
14575,B
14577,A
1460,B
14601,C
14611,A
14635,A
1464,B
14640,A
14641,A
14655,A
14657,B
14659,B
14668,A
14679,B
14683,A
14692,A
14695,C
14696,A
147,A
1470,B
14701,A
14702,C
14706,C
14712,A
1472,B
14720,A
14721,C
14726,A
1473,B
14732,A
14738,B
14740,B
14745,C
14747,A
14749,A
14756,A
1476,B
14762,C
14767,A
14783,B
14784,C
14802,A
14804,C
14812,A
14816,A
14820,A
14837,B
14840,B
14841,A
14844,A
14847,A
14850,A
14851,C
14859,A
1486,B
14868,C
14870,B
14871,B
14873,B
14876,A
14881,A
14883,A
14895,C
14906,A
14912,C
1492,A
14920,A
14921,A
14922,B
14930,A
14938,B
14941,B
14953,B
14969,A
1497,B
14973,A
14974,C
14980,B
14982,A
14984,A
14991,B
14994,C
14997,C
15002,A
15004,C
15012,A
15013,A
15024,A
15029,A
1504,B
15046,A
15052,A
15054,C
15055,A
15064,A
15069,B
15072,C
15075,A
15079,A
15086,A
15088,B
15091,B
15093,C
15103,C
15107,A
1511,B
15112,A
1513,B
15136,A
1515,B
15150,B
15151,A
15158,A
15165,A
1517,B
15176,A
15180,A
15187,A
1519,A
15195,A
15196,A
15199,C
1521,A
15213,A
15218,B
15220,A
15228,A
15230,B
15236,A
15237,A
15243,C
15247,A
15248,B
15256,A
15266,A
1527,A
15272,A
15277,B
1528,A
15280,A
15283,C
15285,A
15290,A
15298,A
15316,A
1532,A
15323,A
15325,B
15331,C
1534,B
15343,A
15344,A
15350,A
15367,A
15368,A
1537,A
15383,A
15385,A
15389,A
15393,B
15394,A
15398,A
15400,A
15403,A
15408,C
15412,A
15414,A
15425,B
15428,A
1543,B
15430,A
15434,A
15435,A
15436,A
15445,C
15446,A
15451,A
15452,C
15453,B
15464,B
15466,C
15475,A
1548,B
15480,B
15488,A
15497,B
15503,A
15516,B
15518,A
15526,A
15530,A
15537,A
15539,B
15548,A
15550,A
15555,A
15557,A
15564,A
15569,A
15571,A
15573,A
15577,A
15584,A
15585,A
15587,B
15592,A
15594,A
15595,A
15597,C
15606,A
1561,A
15610,A
15614,A
15616,A
15617,A
1562,B
15621,A
15622,A
15632,A
15638,A
1564,A
15644,A
15647,A
15649,A
15650,A
15652,A
15658,A
15659,A
15664,A
15666,A
15668,A
15675,C
15684,A
15686,A
15691,A
15703,A
15706,B
15713,A
15715,A
15728,A
15731,C
15732,A
15735,C
15742,A
1576,A
15764,A
15766,A
1577,A
15771,A
15772,A
15781,C
15783,A
15789,A
15791,B
15792,A
15794,A
15802,A
15803,A
15806,A
15807,A
15810,A
15811,A
15818,A
15819,C
15820,A
15825,A
15833,A
15838,A
15840,A
15849,A
1585,B
15852,A
15855,A
15856,A
15862,A
15868,A
15870,A
15871,A
15873,A
15881,A
15885,A
15892,A
15894,C
15896,C
159,A
15900,A
15904,A
15908,A
15910,C
15912,A
15920,B
15923,B
15931,A
15939,A
15942,A
15944,C
15945,A
15947,A
1595,A
15954,A
15955,C
15957,A
15958,A
15961,A
15962,A
15963,A
15977,B
15992,A
15999,A
16000,A
16002,A
16010,B
16016,C
16031,A
16032,A
16042,A
16053,A
16055,A
16059,A
16066,B
16078,A
1608,B
16084,A
16087,A
16088,B
16089,A
1609,B
16091,A
16093,A
1610,A
16103,A
16104,A
16110,A
16111,A
16112,A
16119,B
1612,B
16121,A
16128,A
16129,A
16132,A
16133,A
16135,A
16138,A
16139,A
16144,B
16146,A
16153,A
16159,A
16167,A
16169,B
16172,A
16174,A
16177,C
1618,A
16183,B
16188,A
16189,B
16195,A
16197,B
1620,B
16204,A
16205,A
16211,A
16213,A
16216,C
16224,A
16228,B
16229,A
16236,A
1624,A
16243,A
16249,A
16250,C
16261,A
16262,A
16264,A
16266,A
16269,A
16287,A
16294,A
16296,A
16306,A
16308,A
16309,A
1631,B
16315,C
16326,A
16329,B
1633,B
16331,B
16340,A
16343,A
16346,B
16349,A
16350,B
16354,B
16359,A
16360,A
16365,A
16369,A
16384,C
16387,A
1639,B
16390,A
16392,A
16394,A
16405,A
16406,A
1641,B
16414,A
16424,A
16428,A
16433,A
16438,A
16441,A
16442,A
16454,A
16460,A
16466,A
1647,B
16470,A
16485,A
16499,B
1650,A
16501,A
16506,B
16514,A
16515,A
16524,B
16529,B
16530,A
16531,A
16532,B
16534,A
16545,C
16546,A
16547,A
16549,B
1655,B
16555,A
16556,A
16559,B
16566,A
16567,A
16569,C
16572,C
16573,B
16575,A
16576,B
16577,A
16580,B
16583,A
16585,A
16597,B
16598,A
16604,B
16609,C
16618,C
1662,A
16627,A
16631,A
16639,A
16644,A
16650,A
16657,A
16663,C
16666,A
16670,A
16684,A
16686,A
16687,A
16694,A
16707,A
16724,A
16725,C
16728,A
16735,B
16737,B
16741,B
16743,B
16746,C
16765,A
16766,A
16768,C
16778,C
1678,A
16783,A
16800,A
16801,A
16804,A
16808,A
16810,B
16813,A
16817,A
16820,A
16841,B
16845,B
16851,A
16854,B
16859,A
16864,A
16868,C
16869,C
16870,C
16877,A
1688,A
16887,A
16890,A
16891,A
16892,A
16896,C
16900,A
16901,B
16902,A
16905,A
16908,A
16923,A
16925,A
16926,C
16928,A
1694,B
16941,B
1695,B
16951,A
16954,A
1696,B
16964,A
16966,B
16969,A
16970,B
16973,A
16979,A
1698,B
16987,B
16989,B
1699,A
16990,B
16998,C
17004,A
17007,B
17016,A
17017,A
17042,C
17044,A
17047,A
17051,C
17058,A
17060,A
17062,A
1707,A
17083,A
17086,A
17087,A
17091,C
17097,A
17098,C
17104,A
17107,A
17110,B
17114,A
17122,C
17124,A
1713,B
17135,A
17139,B
1714,A
17140,A
17141,A
17151,C
17154,A
17156,A
17158,A
17161,A
17171,A
17174,A
17182,C
17183,A
17185,A
1719,A
17190,B
172,A
17205,A
17210,C
17220,A
17227,A
17235,A
17239,A
17240,A
17247,A
17249,A
17252,A
17258,A
17265,A
17282,C
17299,A
17303,C
17305,A
17306,C
17309,A
17310,C
17314,A
17315,A
17317,A
1732,B
17320,A
17325,A
17333,A
17349,C
1735,B
17350,C
17351,A
17352,A
17353,A
17356,A
1736,B
17366,A
17370,C
17371,B
17372,A
17374,A
17375,A
17378,B
17380,C
17387,A
17400,B
17403,A
17404,C
17410,A
17412,A
17414,A
1743,B
17430,A
17434,A
17435,A
17445,A
17447,C
17458,A
17459,A
17464,A
17468,A
17469,A
17472,A
17474,A
17475,A
1748,C
17480,A
1749,B
17500,A
17503,A
17517,A
17519,A
17521,A
17528,A
17537,C
17538,A
17540,A
1756,B
17567,B
17574,A
17577,B
1758,B
17580,A
17589,C
17592,A
17596,B
17597,B
17598,B
17602,A
17605,C
17611,B
17618,B
1762,A
17621,B
17625,B
17628,B
1764,B
17640,B
17647,B
17648,B
17662,B
17665,A
17668,A
17674,B
17678,B
1769,B
17692,B
17695,A
17698,A
177,B
17704,B
17710,B
1772,B
17726,B
17727,C
1773,B
17730,B
17738,B
17741,A
17746,B
17748,B
17759,B
17761,B
17764,B
17768,B
17776,B
17777,B
17786,B
17789,B
17790,B
17799,B
178,B
1780,B
17803,C
17807,B
17817,B
17822,A
17833,B
17836,C
17845,C
17848,C
17854,A
17857,A
1786,B
17867,B
17868,B
17869,A
1787,B
17871,C
17872,B
17874,A
17875,A
17876,B
17878,C
1788,A
17883,B
17884,A
17909,B
17910,B
17913,B
17915,A
1792,A
17925,B
17930,B
17931,B
17941,B
17953,A
17955,A
17957,A
17962,B
17971,B
17978,A
17979,B
17982,A
17991,B
17992,A
17994,A
17999,B
18,A
18008,A
18026,A
18029,B
1803,B
18034,B
18035,A
18041,B
18046,A
18052,A
18059,A
18068,A
1807,B
18086,B
18098,A
18099,B
1810,C
18100,A
18102,A
18104,A
18107,A
1811,B
18113,A
18117,A
18132,A
18139,A
18140,A
18146,B
18147,A
18148,A
18149,B
18156,A
18157,A
18159,A
1816,A
18162,A
1817,B
18182,B
18195,A
18197,B
18199,A
18202,A
18206,B
18214,A
18215,B
18226,B
18240,A
18246,A
18248,A
18250,B
18256,A
18257,B
18260,A
18262,B
18265,A
18266,A
18268,A
18270,B
18271,A
18275,A
18276,A
18283,A
18284,A
18300,A
18301,A
18302,A
18304,B
18306,A
18309,A
1831,B
18310,B
18329,A
1833,B
18330,A
18334,A
18345,B
18359,A
18363,A
18365,A
18367,A
18369,B
18372,A
18381,A
18382,A
18389,A
18391,A
18396,A
18397,B
18400,A
18415,A
18416,B
18419,A
18424,A
18426,A
1843,B
18434,B
18435,A
18437,A
18439,A
1844,B
18441,A
18446,B
18447,A
18453,A
18461,A
18463,A
18472,A
18487,C
1849,A
1850,B
18506,A
18510,A
18513,A
18514,C
18516,A
18517,C
18522,A
18529,A
18533,A
18534,A
1854,A
18547,A
18548,C
18549,A
1855,A
18555,B
18556,A
18563,A
18583,A
18584,A
18589,A
1859,A
18597,B
18607,A
18611,A
18616,A
18618,A
18626,A
18628,B
18632,A
18634,C
18636,A
18670,A
18674,A
18684,A
18688,A
18690,A
18694,A
187,A
18701,B
18702,A
18718,A
18723,A
1873,C
18730,A
18734,A
18736,A
18737,A
18738,A
18739,A
18742,A
18747,A
18772,A
18776,B
18796,A
18798,B
188,A
18814,A
18819,B
1882,B
18824,A
18829,A
18839,B
1884,B
18855,C
18859,A
18863,A
18872,B
18876,A
18878,A
1888,A
18880,B
18882,B
18886,A
18887,A
18894,A
18895,A
18902,B
18912,B
18916,A
1892,B
18930,A
18934,A
18939,B
18941,A
18943,A
18945,B
18947,B
18956,A
1896,B
18983,A
18993,A
18996,C
18998,A
190,A
19004,B
19006,B
19010,A
19013,B
19020,B
19023,A
19030,A
19033,B
19036,B
19042,A
19048,B
19049,B
1905,B
19054,A
19057,A
19064,A
19067,B
19071,B
19081,B
19086,A
19090,A
19091,A
19098,A
1910,B
19102,A
19108,A
19109,B
19112,B
19113,A
19121,A
19124,A
19127,B
1913,A
19135,B
19136,A
19141,B
19144,A
19145,B
19148,B
19149,A
19150,B
19151,B
19154,A
19155,A
19164,A
19172,B
19173,B
19176,B
19178,B
19179,A
19180,B
19189,A
19196,A
19200,B
19201,A
19202,A
19204,A
19210,B
19215,A
19227,A
19230,A
19234,B
1924,A
19245,B
19246,A
19258,B
1926,A
19262,A
1927,A
19273,A
19274,A
19282,A
19287,B
19289,A
19302,A
19310,A
19313,B
19317,A
19320,A
19321,A
19326,A
19332,A
19333,B
19346,B
19351,A
19358,A
19360,A
19361,A
19363,A
19370,A
19374,A
19376,B
19394,B
19395,A
19396,B
19399,A
1941,A
19420,A
19421,A
19423,A
1943,B
19432,A
19447,A
19449,A
19455,A
19464,A
19467,A
19469,B
19474,A
19475,A
19476,A
1948,B
19480,A
19487,A
19488,A
19489,A
19499,A
195,B
19500,B
19501,B
19502,A
19503,A
19517,B
19523,B
19525,A
19530,A
19531,A
19534,A
19536,A
19540,A
19543,A
19546,A
19547,B
1955,A
19555,B
19559,A
1956,B
19561,A
19568,A
1957,B
19570,A
19572,A
19574,A
19579,B
19580,A
19594,B
19595,A
19599,B
19604,B
19618,A
19621,A
19622,C
19624,A
19625,A
19627,C
19636,A
19639,C
19649,C
19650,A
19651,A
19654,A
19664,A
19668,B
19676,B
19679,A
19683,A
19692,A
19693,A
19699,A
1970,B
1971,B
19715,C
19716,A
1972,A
19720,B
19724,A
19725,A
19726,A
19734,A
19735,B
19740,A
19742,B
19744,A
19745,A
1975,B
19750,C
19754,A
19756,A
19762,C
19763,C
19765,C
19769,A
19774,C
19782,B
19789,B
19790,A
19801,B
19806,B
19808,C
19813,A
1982,B
19820,B
19823,A
19838,A
19839,A
19844,A
19845,A
19847,B
19849,A
19855,A
19859,A
19879,A
19884,A
19892,A
19895,B
19900,A
19901,B
19902,A
19909,B
19916,A
19928,B
19932,A
19933,C
19947,A
19955,A
19958,A
19966,A
1998,C
19984,B
19992,B
19999,A
2000,A
20003,A
20019,A
20021,B
20022,A
20031,A
20034,A
20038,A
20040,A
20041,A
20042,A
20044,A
20059,A
20060,A
20064,B
20065,B
20080,B
20084,B
20085,A
20101,A
20107,A
20112,A
20118,A
20128,A
2013,A
20131,B
20133,A
20138,B
20140,A
20141,B
20144,A
20146,A
20147,A
2015,A
20152,B
20158,A
20160,A
20165,A
20171,A
20175,A
20177,A
20181,A
20182,A
20183,A
20185,A
20186,A
20191,A
20195,A
2021,C
20217,A
20220,B
20222,B
20226,A
20232,B
20236,B
20244,B
20246,B
20247,A
20251,B
20255,B
20257,B
20260,A
20262,A
2027,A
20275,B
20283,A
20288,A
20307,C
2031,A
20312,C
20313,B
20317,B
20321,A
20322,A
20327,B
20329,B
20332,B
20338,A
20341,B
20344,B
20347,A
20351,B
20352,A
20356,C
20357,A
20360,B
20375,A
20378,B
20382,B
20389,B
20392,A
20403,B
20427,B
20428,B
2043,A
20440,B
20441,B
20444,A
20459,A
2046,B
20464,B
20468,B
20469,B
2047,C
20470,B
2049,A
20491,C
20494,B
20505,B
20506,B
20516,A
20517,A
20519,B
2052,A
20527,B
20533,A
20537,A
2055,A
20551,B
2056,B
20560,A
2057,A
2058,B
2059,A
206,C
20601,B
20604,B
20608,B
20611,B
20613,A
20614,B
2062,A
20621,B
20625,B
20626,B
20633,B
20636,A
20642,A
20650,B
20653,B
20656,A
20657,B
20666,B
20675,C
20676,C
20678,B
20681,B
20685,B
20688,A
20689,A
20691,A
20698,A
20700,A
20705,A
20706,A
20708,A
2071,B
20710,A
20712,A
20714,C
20727,C
2073,A
20737,A
20738,A
2075,B
20750,C
20751,A
20754,A
20760,A
20767,A
20769,A
2077,A
20770,A
20778,A
20780,A
20781,A
20783,A
20795,A
20803,A
20810,A
20811,A
20812,A
20813,A
20814,C
20815,A
20818,C
20839,A
20849,C
20851,A
20860,C
20862,A
20864,A
20867,A
20871,A
20884,A
20890,C
20893,A
20896,A
20899,C
2090,A
20901,A
20902,C
20906,C
20909,C
20918,A
20920,C
20922,A
20926,B
20931,A
20935,A
20941,A
20946,A
20955,A
20960,A
20966,A
20967,A
20968,A
2097,B
20973,A
20975,A
2098,A
20988,A
20989,A
20992,A
21,A
21001,A
21004,A
21008,A
21009,A
21012,A
21018,A
21023,A
21026,A
21028,A
21039,A
21052,A
21055,B
21060,A
21065,A
21066,A
21077,A
2108,A
21099,B
21100,A
21103,A
21106,A
21111,A
21114,C
21117,C
2113,B
21132,A
21134,A
21140,A
21145,A
21149,A
21152,A
21154,A
21156,B
21157,A
21158,A
21161,A
21162,A
21165,A
21172,A
21176,A
21178,A
21179,A
21181,B
21183,C
21188,A
21189,B
2119,A
21195,C
21203,A
21204,A
21227,A
21233,A
21244,C
2125,C
21254,A
21258,A
21268,A
21274,B
21275,C
21276,A
21277,A
21288,A
21289,A
21291,A
21294,A
21295,A
21300,C
21302,A
21305,B
21307,B
21318,A
21322,A
2133,B
21338,B
21342,A
21344,C
21347,B
21351,A
21355,A
21358,B
21361,A
21365,A
21376,A
21384,C
21386,B
21387,A
2139,B
21399,C
2140,A
21401,A
21412,B
21413,A
21427,B
21440,A
21443,B
2145,B
2146,B
21460,A
21465,A
21466,A
21470,A
21479,A
21487,A
21490,A
21502,C
2151,A
21512,A
21515,B
21516,A
21517,A
21532,A
21533,A
21534,B
21537,A
21545,A
21553,B
21558,A
21565,A
21568,A
2157,B
21570,A
21572,A
21573,A
2158,A
21587,A
21591,A
21597,A
21610,A
21622,B
21624,A
21625,C
21627,B
21628,A
2163,A
21633,A
21634,C
21635,A
21638,A
21649,A
21652,A
21654,A
21656,A
21663,A
21666,A
21668,A
2167,A
21677,A
21679,A
21692,A
21694,A
21697,A
21699,A
2170,A
21703,A
21711,A
21721,B
21722,C
21729,A
21737,A
21739,A
21748,A
21749,B
21750,A
21752,B
21753,A
21755,A
21763,A
21764,A
21771,A
21777,A
21778,A
21780,C
21788,A
21789,A
2179,A
218,A
21806,A
21810,A
21812,A
21816,A
21818,A
21827,C
21830,C
2184,B
21844,A
21847,A
21849,A
2185,A
21856,B
21860,C
2187,A
21870,A
21875,A
21879,A
21882,A
21883,A
21884,A
21885,B
21893,C
21894,B
21898,A
21899,A
219,A
21907,A
2191,A
21913,A
21920,A
21921,A
2194,A
21944,C
21945,C
21951,A
21954,A
21959,A
21963,A
21965,A
21970,B
21979,C
21982,C
21991,A
21993,A
21995,C
21999,A
2200,A
22000,A
22015,A
22016,C
22024,A
22025,A
22037,A
22039,A
22041,C
22049,A
22057,B
22058,A
2206,A
22062,A
22063,B
22064,A
22073,A
22075,A
22077,C
22084,A
22085,B
22086,A
22087,A
22092,A
22099,A
221,B
22107,A
22111,A
22113,A
22114,A
22115,A
22118,A
22122,A
22124,A
22128,B
22134,A
22139,B
22142,A
22146,C
22147,A
22149,A
22153,C
22154,C
22155,A
22157,A
22163,A
2217,B
22173,A
22174,C
2218,B
22182,A
22184,B
22204,A
22205,A
22215,A
22224,C
22229,A
22237,A
22244,A
22247,A
22249,A
22250,A
22253,A
22257,A
22266,A
22267,A
22268,A
2227,B
22271,C
22272,A
22273,A
22277,A
2228,A
22280,A
22287,B
2229,B
22294,A
22295,B
22297,A
22298,A
2230,B
22300,A
22313,A
22319,A
22321,A
22324,A
22326,A
22331,A
22336,B
22347,B
22354,A
22358,A
22361,B
22363,A
22367,A
2237,A
22371,A
22373,A
22380,A
22382,B
22385,C
22390,A
22391,B
22393,A
2240,B
22403,A
22407,A
22411,A
22416,A
22418,A
22422,A
2243,A
22430,A
22435,A
2244,B
22447,B
22450,A
22452,A
22454,A
22456,A
22465,A
22466,A
2247,B
22471,A
22483,A
22485,A
22486,A
22489,A
2249,A
22492,B
22504,C
2251,B
22510,A
22519,A
22523,A
2253,B
22530,A
22532,A
22533,A
22535,A
22551,A
22554,A
22559,B
2256,A
22567,B
22569,A
2257,B
22571,A
22572,A
22576,A
22577,A
22583,A
2259,C
22601,A
22602,A
22607,A
22609,A
22613,C
22618,A
22619,A
22623,A
22643,B
22646,A
22669,A
22671,A
22676,A
22683,A
22689,A
2269,B
22690,B
22692,A
22693,A
22695,B
22696,A
22699,A
22700,A
22703,A
22704,A
22705,A
2271,B
22711,A
22713,A
22718,A
22719,A
22722,A
22723,A
22726,A
22728,A
2273,B
22730,A
22734,A
22739,A
22745,A
22750,B
22756,A
22758,A
22774,A
22776,A
22787,A
2279,A
22798,A
22805,A
22811,A
22813,C
22815,B
22816,A
2282,B
22827,A
22831,A
22841,A
22848,C
22851,A
22858,A
22859,A
2287,B
22876,C
22877,A
22884,B
2289,C
22898,A
22901,A
22902,A
22906,A
22911,A
22915,A
22919,C
2292,B
22922,A
22929,A
22948,A
22952,A
22955,A
22956,A
22962,A
22967,A
2297,A
22976,A
2298,B
22983,A
22986,A
22991,C
22992,A
22994,A
22999,A
23009,A
23011,A
23020,A
23021,A
23023,A
23025,A
23027,A
23028,A
2303,A
23033,A
23034,A
23039,A
2304,A
23040,A
23060,A
23063,A
23064,C
23066,C
2307,B
23076,A
2308,A
23084,A
23087,C
23095,A
231,C
23112,A
23119,C
23126,A
23129,A
23131,C
23138,A
23150,A
23153,C
23168,A
23178,A
23181,C
23183,C
2319,B
23192,C
23200,A
2322,A
23222,A
23224,C
23227,A
23228,C
23231,A
23236,A
23241,A
23247,A
23253,A
23255,A
23256,A
23258,C
23259,A
23262,A
23263,C
23266,C
23271,C
23273,C
23274,A
23281,A
23288,A
23292,A
23293,A
23296,A
23302,A
23304,A
23315,C
2332,A
23321,C
23322,B
23324,A
23327,A
23331,A
23335,B
23336,C
23338,A
23340,C
23344,B
23349,A
23350,C
23351,C
23352,C
23359,A
2336,A
23369,C
2337,A
23372,A
23380,A
23382,A
23391,C
23393,C
23394,A
23398,A
23403,A
23407,A
2342,A
23424,B
23436,A
23437,A
23443,A
23444,C
23451,A
23453,A
2346,A
23464,A
23465,A
2347,A
23472,B
2348,A
23481,A
23485,B
23486,A
23488,A
2349,A
23490,A
23491,A
23494,A
23496,B
23498,A
2350,A
23515,A
23527,A
23530,A
23531,A
23539,A
23547,A
2355,A
23559,C
23563,C
23564,A
23568,A
23573,C
23579,A
23580,A
23581,A
23583,A
23586,B
23591,C
23594,A
2360,A
23601,C
2362,A
23620,A
23628,A
23629,A
23631,B
23636,B
23637,A
23656,A
23657,A
23665,A
23666,A
23677,A
23684,A
23686,A
23692,A
23706,A
23717,A
2372,C
23721,C
23732,A
23733,C
23734,A
23736,A
23742,A
23751,A
23752,A
23754,A
23761,C
23764,C
23768,C
23772,A
23778,A
23779,A
23780,A
23781,C
23788,C
23794,B
238,A
23801,A
23803,C
23812,B
23813,B
23818,B
23820,B
23825,A
23835,B
23837,A
23839,A
23840,C
23854,B
23856,B
23861,B
23863,B
23866,B
23868,B
23874,A
23878,B
23879,C
2388,C
23880,B
23881,B
23884,B
23886,A
23893,A
23899,C
23905,C
23909,B
23910,B
23913,A
23914,B
23918,B
23919,B
23920,A
23931,B
23933,B
23941,B
23945,A
23946,A
23957,B
2396,A
23963,B
23965,B
23967,C
2397,A
23970,A
23976,A
23985,B
23989,A
2399,A
23993,B
23994,A
23995,C
23996,B
24000,B
24002,C
24004,B
24011,C
24012,B
24013,B
24015,A
2402,A
24022,B
24023,B
24025,A
24040,B
24056,B
24067,B
24071,A
24081,A
24083,A
24093,B
24094,A
24095,B
24096,B
241,A
2410,A
24101,B
24106,B
24109,C
24110,B
24115,B
24122,B
24128,C
24131,C
24132,B
24138,C
2414,A
24146,B
24153,B
24162,B
24165,B
24166,B
24176,B
24183,A
24190,B
24193,C
242,C
24200,B
24207,A
24214,C
24219,B
24222,C
24224,B
24232,C
24236,B
24259,B
24263,B
24264,A
24268,A
24269,B
24272,B
24273,B
24274,B
24276,C
24279,B
24280,C
2429,A
24296,B
24302,B
24304,B
24309,C
24315,C
24324,B
24335,B
24337,B
24340,A
24343,A
24349,B
24352,B
24355,B
24366,B
24367,B
24368,B
24369,B
24374,C
24375,B
24376,B
24379,B
2438,A
24380,C
24387,B
24388,B
24396,B
24399,A
24403,B
24407,B
24409,B
24410,B
24417,C
24424,A
24427,A
24428,B
2443,A
24441,C
24444,B
24452,B
24456,B
2446,A
24460,B
24461,A
24462,C
24463,A
24470,B
24471,C
24472,B
24473,A
24484,C
24485,B
24486,B
24492,B
24498,B
24499,B
2450,A
24502,B
24507,B
2451,A
24515,C
2452,A
24527,B
24532,B
24533,A
24539,B
24541,B
24550,A
24565,C
24566,B
24569,B
24575,B
24578,B
24579,B
24580,B
24581,B
24582,B
2459,A
24590,B
24592,A
24599,B
24612,B
24616,B
24617,B
24618,C
24619,A
2462,A
24620,B
24644,C
24646,A
24656,A
24658,B
2466,A
24660,A
24661,B
24665,C
24668,C
2467,C
24670,B
24688,C
24694,B
24696,B
247,B
24702,A
24708,A
24712,B
24721,A
24722,B
24735,A
24743,A
24745,B
24747,C
2475,B
24758,A
24763,A
24767,B
2477,A
24770,B
24773,A
24782,A
24786,B
24792,B
24795,C
24798,B
24799,A
2480,A
24805,C
24806,B
2481,A
24821,B
24825,B
24828,B
24831,A
24839,B
24846,B
24848,B
24862,A
24864,A
24868,B
24871,A
24872,B
24873,B
24878,A
24881,B
24885,B
24892,B
24893,A
24904,B
24905,A
24913,A
24916,B
24925,B
24926,A
24934,B
24936,B
24937,B
24949,A
2496,A
2497,A
24971,A
2498,A
24980,B
24985,B
24987,C
24995,A
24996,C
25,A
250,A
25000,C
25003,C
25005,B
25008,B
25013,B
25017,B
25021,A
25026,B
25033,B
25034,A
25035,B
25037,B
25038,B
25040,C
25046,C
25048,B
25052,B
25053,B
25055,A
25061,B
25071,B
25072,B
25082,C
25088,B
25092,B
25094,A
25097,B
25098,B
25101,C
25102,B
25104,B
25117,C
25118,B
25120,A
25121,B
25131,B
2514,A
25143,B
25145,A
25151,A
25161,A
25171,A
25175,B
25178,B
25179,B
25186,B
25187,C
25188,A
2519,A
25190,C
25194,A
25213,B
25226,B
25228,C
25239,B
25242,B
25257,B
25259,A
25261,B
25269,B
2527,A
25270,A
25278,A
25283,A
25286,B
25289,C
25292,B
25302,A
25312,C
25317,B
25318,C
25321,C
25326,C
25329,B
25331,A
25338,C
2534,A
25345,A
25356,B
25358,B
25360,A
25362,B
25363,A
25366,B
25368,B
2537,A
25370,A
25374,B
25382,B
25384,B
25392,B
25396,B
254,B
25406,B
25407,B
25415,A
25417,A
2542,A
25420,B
25422,A
25424,B
25429,B
25435,B
25437,A
25450,B
2546,A
25464,C
25465,A
25467,C
25471,B
25474,B
25479,B
25480,C
25493,B
25500,A
25501,A
25504,B
25508,B
25511,B
25513,A
25515,A
25522,B
25523,B
25529,B
25539,B
25540,B
25544,A
25545,B
25546,B
25550,B
25559,B
25565,B
25569,A
2557,A
25570,A
25572,B
25587,B
25588,A
25589,C
2559,A
25593,A
25597,A
25603,A
25606,A
25610,A
25612,A
25613,A
25617,A
25624,A
25625,A
25629,A
25643,A
25651,A
25655,A
25659,A
2566,A
25661,B
25663,A
25671,A
25675,C
25676,A
25677,A
25686,A
2569,C
25692,C
25693,A
257,A
2570,A
25701,A
25703,B
25707,A
25719,A
25722,C
25726,A
25728,A
25733,A
25744,B
2575,C
2576,A
25761,C
25762,A
25763,C
25764,A
25771,A
25783,A
25784,A
25789,B
2580,A
25803,A
25804,A
25808,B
25814,A
25815,C
25821,A
25823,A
2584,A
25845,A
25850,A
25858,A
25865,A
25869,A
2587,C
25872,A
25874,A
25875,C
25878,C
25892,A
25895,C
25903,C
2591,A
25923,A
25927,B
2593,A
25932,A
25936,C
25942,A
25957,A
25960,A
25962,C
2597,A
25973,C
25974,A
25976,A
25978,C
25983,C
25984,B
25986,C
25988,A
25989,A
26002,A
26004,A
26005,A
26006,C
2601,A
26010,A
26011,C
26012,A
26013,C
26022,B
26024,C
26028,C
26032,C
26034,A
26035,B
26038,C
26041,A
26042,A
26052,A
26062,A
26068,A
26076,A
26077,A
2608,A
26081,C
26082,A
26088,B
2609,A
26091,B
26092,A
26095,B
26096,A
26097,A
2610,A
26113,A
26115,B
26116,A
26122,C
26125,C
26126,A
26127,A
26130,C
26132,A
26141,C
26142,A
26143,A
26150,B
26151,A
26154,A
2616,A
26167,C
2617,A
26173,A
26186,C
26188,B
26193,A
26195,B
26198,A
26205,B
26212,A
2622,A
26225,C
26226,B
26231,A
26239,A
26241,C
26242,B
26244,B
26247,B
26248,A
26251,A
26258,B
26260,A
26262,C
26268,A
26271,C
26276,A
26284,A
26289,A
26293,A
26298,C
26305,C
26309,A
2631,A
26311,C
26314,B
26317,A
26318,A
26319,A
2632,A
26323,A
26326,A
2633,A
26330,C
2635,A
26354,B
26356,C
26370,A
26371,C
26372,A
26374,A
26379,A
2639,A
26391,A
2640,A
26410,C
26423,B
26427,B
26437,A
2644,A
26443,B
26444,B
26450,A
26470,C
26472,A
26479,A
26481,B
2649,A
26494,B
265,A
26500,A
26501,B
26513,C
26515,A
26520,C
26524,A
26526,B
26528,A
26531,A
26533,B
26540,B
26547,B
26557,B
26558,B
26563,A
26565,B
26569,B
26570,A
26572,B
26573,A
26574,B
26580,C
26591,A
26592,A
26594,A
26596,B
26604,B
26605,B
26612,B
26616,B
26634,B
26640,A
26643,A
2665,A
26651,A
26656,B
26657,B
26659,A
2666,A
2667,A
26671,B
26676,B
26681,C
26686,C
26694,A
26698,B
267,A
26711,C
26712,B
26716,B
26717,B
26720,A
26722,B
26729,B
26735,B
26740,C
26749,A
26753,A
26754,C
2676,A
26762,A
26766,A
26769,B
26785,B
26791,A
26803,A
26809,C
2681,A
26810,B
26817,A
26825,A
26828,A
26830,A
26832,B
26835,A
26841,C
26847,B
26848,A
26852,A
26866,B
26874,B
26885,A
26886,A
26887,A
2690,A
26903,C
26909,C
26910,A
26914,A
26927,B
26930,A
26946,C
26948,A
26951,A
26959,A
2696,A
26961,C
26963,A
26967,A
26970,A
26973,C
26982,C
26983,A
26985,A
26986,B
26992,C
26996,A
26998,C
27,A
27000,B
27001,A
27005,C
2701,A
27021,A
27023,A
27029,C
27033,A
27035,A
27038,A
2704,A
27044,C
27049,C
27052,A
27055,A
27058,A
27059,C
27061,A
27068,C
27073,C
27074,A
27076,B
2708,A
27081,C
27084,A
27085,A
27087,B
27090,A
27092,A
27098,A
27112,A
27118,A
2712,A
27124,A
27128,A
2713,A
2714,A
27141,B
27144,B
2715,A
27167,C
27169,C
27170,A
27172,A
27179,C
27186,A
27187,A
27189,A
27194,A
27196,A
27198,A
2720,A
27202,C
27211,A
27229,C
27236,A
27240,B
27241,A
27246,C
27249,C
2725,A
27250,B
27254,C
27256,C
27263,C
27264,C
27265,A
27266,A
27267,C
2727,A
27272,A
27273,A
27276,C
27279,A
27283,A
27285,A
27286,A
27302,A
27303,A
27312,C
27313,A
27316,A
27330,A
27346,A
27347,A
27353,A
27356,A
2736,A
27369,C
2737,A
27378,A
2738,C
27383,A
27386,C
27388,C
27394,C
27396,A
27399,A
2740,A
27410,A
27424,C
27427,C
27434,A
27438,B
27441,B
27443,C
27445,A
27452,A
27456,A
27462,A
27463,C
27478,A
27480,A
27486,A
27487,A
27505,B
27509,A
27511,A
27512,A
27514,C
27517,A
27522,A
27524,C
27528,A
27537,A
27541,A
2755,A
27552,C
27561,C
27572,B
27573,A
27574,A
27583,A
27586,A
27594,A
27595,A
27598,A
2760,A
27607,A
27612,A
27613,A
27626,A
27634,C
27639,A
27651,A
27653,C
27658,A
27673,A
2768,A
27685,C
27688,A
27689,A
27691,C
27693,C
27698,C
27699,A
27706,A
27707,C
2771,A
27710,C
27736,C
27740,C
27745,C
27755,A
2776,A
27765,A
2777,A
27777,B
27778,B
27783,B
27784,B
27791,B
27796,B
27797,A
27799,A
27810,B
27815,A
27828,C
2783,A
27833,B
27834,A
27835,B
27836,B
27845,A
27851,A
27866,B
27870,A
27872,C
27880,B
27881,A
27883,B
27889,C
27892,A
27900,A
2791,A
27917,A
27920,B
27927,A
27932,B
27935,A
27941,B
27943,A
27957,B
27958,B
2796,A
27963,A
27966,A
2797,A
27976,B
27979,A
27987,A
27991,A
27992,A
28000,A
28002,A
28007,B
28008,A
28011,A
28016,B
28020,B
28029,B
28039,B
2804,A
28040,A
28041,B
28046,C
28052,B
28055,B
2806,A
28062,C
28063,A
28066,B
28069,A
28072,A
28073,B
28075,A
28077,A
28080,B
28084,C
28088,B
28090,C
28105,C
28122,B
28123,A
28127,C
28129,A
28130,A
28134,A
28138,B
28147,B
28151,C
28157,A
28160,A
28165,A
28167,B
28178,B
28197,A
28198,C
28199,A
282,B
2820,A
28205,A
28206,A
28208,A
28227,A
28229,A
28231,A
28234,A
28236,B
2824,A
28241,C
28242,A
2825,A
28252,A
28254,A
28256,A
28257,A
28260,B
2827,A
28272,A
28273,A
2829,A
28296,C
28298,A
28299,A
28304,A
28309,A
28315,A
28325,A
28332,A
28334,A
28335,A
28338,C
28350,A
28352,B
28353,A
28354,A
28363,A
2837,A
28374,A
28375,A
2838,A
28381,A
28383,A
2839,A
284,A
2840,A
28401,C
28408,B
28413,A
28414,A
28418,A
28423,B
28427,C
28436,A
28437,A
28445,A
28446,B
28458,A
28463,A
28464,B
2847,A
28471,A
28488,A
28489,A
28492,A
28498,A
285,A
2850,A
28501,A
28503,A
28508,C
28515,A
28527,A
28531,A
28532,A
28536,A
28537,A
28540,A
28541,A
28546,A
28563,C
28579,A
2858,C
28580,A
28581,A
28588,A
28590,C
28592,B
28597,A
28599,B
2860,A
28611,C
28618,A
28623,C
28624,C
28627,A
2863,A
28631,B
28633,A
28646,C
2866,B
28667,C
28675,C
2868,A
28683,A
28685,A
28688,A
28689,A
2869,A
28697,A
28699,A
2870,A
28700,A
28705,C
28706,C
28716,A
28718,A
28719,A
28723,A
28727,A
28728,B
2873,A
28731,A
28733,C
28736,A
28739,C
28748,C
28750,C
28756,C
28764,A
28773,A
28775,C
28776,A
28777,C
28780,C
28788,A
28789,A
28808,A
28811,A
28819,C
28820,A
28824,C
28839,A
2884,A
28840,A
28849,A
2885,A
28852,C
28861,A
28875,A
28881,B
28890,C
28895,C
28897,A
28901,A
28902,A
28912,C
28914,C
28915,B
2892,A
28928,A
2893,A
28931,C
28936,A
28938,A
28941,A
28946,C
28951,A
28953,A
28954,A
28962,A
28980,A
28985,C
28991,C
28997,B
29007,A
29008,B
29014,A
2902,A
29023,C
29027,B
29033,B
29038,A
2904,A
29043,B
29046,C
29048,A
29049,A
29051,C
29062,C
29063,C
29068,C
29071,B
29076,C
29077,A
2908,A
29085,C
2909,A
29093,C
29094,C
29097,A
291,A
29107,A
29113,C
29119,C
29122,A
29127,C
29130,C
29137,A
29138,C
29139,A
29140,C
29145,A
29147,A
29154,B
29157,A
29158,A
29164,B
29165,C
29168,C
2917,A
29170,C
29172,B
29173,C
29176,B
29177,C
2918,A
29183,B
29189,B
29198,C
29204,A
29209,B
29213,C
29221,C
29223,A
29233,A
29236,C
29239,C
29246,A
29247,B
29254,A
29255,B
29257,C
29259,C
2926,A
29260,C
29261,A
29263,B
29264,B
29275,B
29276,A
2929,A
29293,C
29296,A
29299,B
29302,A
29306,B
29308,B
2931,A
29315,A
29316,A
29317,A
29319,C
29326,A
29327,C
29328,B
29334,A
29336,C
29339,C
29346,A
29347,A
29355,B
29361,C
29362,B
29368,B
29370,C
29381,A
29386,A
29389,A
2939,A
29396,A
29407,B
29411,C
29418,A
2942,A
29420,C
29423,A
29429,A
29430,B
29432,A
29435,A
29439,B
29440,A
29448,A
29453,A
2946,A
29463,A
29471,C
29473,B
29476,A
29486,A
29488,B
2949,A
29490,A
29498,B
29522,A
29525,C
29531,B
29532,A
29540,A
29545,A
29546,A
29547,A
29549,A
29558,B
2956,A
29564,A
29570,A
29572,A
29577,A
29584,A
29585,A
29590,A
29595,C
29596,C
29602,C
29605,A
29610,B
29617,A
29618,A
29619,C
2962,A
29624,A
29626,C
29627,A
29628,A
29637,A
29638,B
29641,C
29642,A
2965,C
29658,A
2966,A
29660,A
29667,A
29670,B
29676,B
29679,A
29681,A
29687,B
29692,C
29693,A
29698,A
29699,A
2970,A
29702,C
29707,A
29709,A
29710,A
29711,A
29712,B
29720,A
29734,C
29742,A
29749,C
29750,A
29754,B
29758,A
2977,C
29772,A
29779,A
2978,B
29784,A
29798,A
29801,C
29802,A
29804,A
29813,B
29819,B
29824,B
29836,A
29838,A
29839,B
29845,A
29846,B
29849,A
29853,A
2986,A
29868,A
29869,A
2987,A
29871,A
29872,A
29879,A
2988,A
29882,A
29887,A
29890,B
29891,A
29893,A
2991,A
29940,A
29941,A
29947,A
29952,A
29958,A
29959,A
29961,A
29964,A
29966,A
29973,C
29979,A
2998,A
29988,A
29989,A
2999,A
29990,A
29994,A
300,A
30002,A
30032,A
30035,C
30039,A
30041,A
30046,A
30049,A
30051,A
30058,B
30067,A
30072,A
30073,A
30074,A
30080,A
30082,A
30099,A
30104,A
30114,A
30115,A
30120,A
30141,C
30146,A
30147,A
3016,A
30164,A
30175,A
30179,C
30182,A
30190,A
30194,A
30197,A
30200,A
30203,A
30217,A
30218,A
30222,A
30226,A
30230,A
30240,A
30241,A
30243,B
30244,A
3025,A
30260,A
30268,C
30272,A
30280,A
30289,C
3029,C
30291,A
30297,A
30299,C
30302,A
30303,A
30308,C
30309,C
30310,A
3032,C
30320,A
30322,A
30327,A
3033,A
30339,A
3035,B
3039,A
30392,A
30398,A
30400,A
30406,A
30408,A
3041,A
30411,A
30413,A
30414,A
30415,A
30419,A
30422,A
30428,A
30429,A
3043,A
30432,A
30435,A
30436,A
30446,A
30449,B
30456,A
30461,C
30476,C
30478,C
30479,A
30484,A
30502,A
30504,A
30506,A
30509,A
3051,A
30512,B
30519,A
3052,A
30534,B
3054,A
30541,A
30542,C
30544,A
30547,B
30551,A
30568,C
30570,C
30575,A
30581,C
30585,A
30590,C
30591,A
30593,B
30598,C
30607,A
30609,C
30611,A
30615,A
30629,A
30636,A
30638,A
30646,B
30647,A
30652,C
30654,A
3066,A
30666,A
30673,A
30676,C
30680,A
30686,B
30687,B
30698,B
307,A
30705,A
30710,B
30716,C
30722,A
30724,A
30725,A
30727,A
30730,A
30731,B
30733,B
30736,C
30737,B
30746,C
30749,A
3075,A
30751,A
30767,A
30777,B
30787,B
30789,B
3079,C
30793,B
30815,B
30816,A
30817,B
30819,B
30823,A
30824,B
30827,C
30829,A
3083,A
30830,C
30839,B
30841,C
3085,A
3086,A
30860,C
30862,A
30865,B
30870,B
30876,B
30878,A
3088,B
30881,B
30888,B
30896,A
309,B
30901,B
30903,B
30914,A
30919,C
30921,A
30927,A
30929,A
30930,B
30932,A
30936,B
30938,B
30939,A
30943,A
30957,A
30958,A
30963,A
30964,A
30969,A
3097,B
30970,B
30974,A
30978,A
30979,A
30981,A
30988,A
30999,A
310,B
31006,B
31007,B
3101,A
31015,B
31019,A
31023,A
31030,A
31032,A
31037,A
31038,A
31039,A
31041,B
31043,A
31048,B
31055,A
31059,A
31065,A
31068,A
31073,B
31077,A
31081,B
31084,A
31090,A
31097,A
3110,A
31104,A
31106,A
31107,A
31111,B
31119,A
31123,A
31134,A
31139,A
3114,A
31142,A
31143,A
3115,A
31157,B
31159,A
3116,A
31176,A
31178,B
3118,A
31181,B
31184,B
31189,A
31190,B
31198,B
31207,A
31210,A
31212,B
31215,B
31216,B
31219,B
31224,C
31228,C
31235,A
31237,B
3124,A
31244,B
31245,B
31253,B
31255,B
31262,A
31273,A
31276,A
31277,A
31284,A
31285,B
31295,A
31298,A
31299,B
31306,C
31329,A
31333,A
31341,A
31343,A
31351,B
31355,B
3137,B
31373,A
31377,B
31379,B
31382,C
31391,A
31392,A
31393,A
31398,A
31404,A
31405,B
31407,B
31409,B
31412,A
3142,A
31420,A
31430,A
31433,B
31434,B
31435,B
3144,C
31444,B
31445,A
31452,A
31456,B
31461,B
31466,A
31477,B
31484,B
31489,B
31503,A
31516,A
31517,A
31518,A
3153,A
31533,B
31534,B
31535,A
31544,A
31545,B
31548,A
3155,B
31560,A
31564,B
31566,A
31569,B
31570,A
31576,A
31578,B
31580,B
31585,B
31609,B
31612,A
31616,A
31631,A
31645,A
3165,C
31650,B
31654,B
31655,B
3166,C
31660,A
31662,B
31674,A
31677,A
31679,A
31681,A
31686,B
31692,A
31700,A
31706,B
31713,A
31716,A
31718,A
31720,A
31722,A
31724,A
31725,B
31748,A
31749,B
31751,A
31754,A
31759,B
31766,C
31782,B
31788,A
31800,A
31804,A
3182,C
31832,A
31843,A
31846,A
31847,A
31853,A
31858,A
31860,A
31868,A
31876,A
31886,C
31888,A
31890,A
31896,A
31899,A
31904,A
31909,A
31910,A
31911,A
31923,A
31926,A
31934,A
31936,A
31938,A
31942,B
31944,B
31947,A
31969,B
3197,A
31986,A
31989,A
32,A
32002,A
32007,A
32008,A
32014,A
32017,B
32019,A
32021,A
32026,A
32033,A
32038,A
32045,A
32054,A
32057,A
3206,A
32063,A
32068,A
32072,A
32076,A
32080,A
32085,A
32087,A
32088,A
3209,C
32096,B
32098,B
32106,A
32107,A
32109,A
3211,A
32112,A
32114,A
32115,A
32118,A
3212,A
32126,B
3213,A
32142,A
32145,A
32146,A
32147,A
32165,A
32175,A
32182,A
32183,A
32187,A
3219,C
32191,A
32195,A
32199,A
32203,A
32205,A
32208,B
32210,A
32214,A
32216,B
32217,A
32218,A
3222,A
32224,A
32225,A
32227,A
32241,B
32245,A
32246,A
32267,A
3227,A
32270,A
32273,A
32283,A
32285,A
32292,A
32294,B
32295,A
32307,A
32313,B
32314,A
32316,A
32321,A
32326,A
32329,A
32336,A
32341,A
32342,B
32354,A
32355,B
32364,A
32369,A
32371,B
32373,A
32375,A
32379,A
32388,A
32389,A
32395,A
324,B
3240,A
32404,A
32405,A
32408,A
32411,B
32421,A
32422,B
32424,A
32428,A
32430,A
32436,A
32438,A
32444,A
32447,A
32454,A
32457,A
32459,A
32461,A
32472,A
32488,A
3249,A
32493,A
32494,A
32499,C
32503,A
3252,A
32526,A
32527,A
32532,A
32536,A
32538,A
32548,A
32557,A
32558,A
32567,A
32568,A
3257,A
32572,A
32584,A
32586,A
32589,A
32590,A
32594,A
32596,A
32601,A
32603,A
32606,A
32607,A
32609,A
3261,A
32614,A
32628,A
32630,A
32631,A
32633,A
32643,A
32648,A
32662,A
32670,A
32677,A
32684,A
32686,A
32692,A
32698,A
32699,A
3270,B
32710,A
32712,A
32714,A
32718,A
3272,A
32721,A
32723,A
32724,A
32725,A
32737,A
3274,B
32746,A
32747,A
32749,A
32758,A
3276,A
32771,C
32772,A
32775,A
32783,A
32785,A
32788,A
32793,A
328,A
3280,A
32800,A
32803,A
32805,A
32826,A
3283,A
32830,A
32831,A
32835,A
32837,A
32849,A
3285,C
32850,A
32852,A
32854,A
32857,A
32860,A
32862,A
32866,A
3287,A
32872,A
32874,A
3288,A
32881,A
32882,A
32884,A
32887,A
32888,A
32892,A
32901,A
32906,C
32907,A
32910,A
32923,A
32937,A
32942,A
32946,A
3295,A
32951,A
32956,C
32959,A
32962,A
32963,A
32965,A
32966,A
32973,A
32976,A
32979,A
32983,A
32990,A
33005,A
33007,A
3301,A
33016,A
33020,A
33022,A
33027,A
33030,A
33032,A
33034,A
33038,A
33040,A
33045,A
33046,A
3305,A
33053,A
33056,A
33057,A
33059,A
33065,A
33073,A
33079,A
33081,A
33087,A
33096,A
33100,A
33102,A
33106,A
33108,A
33115,A
33116,A
33121,A
33134,A
33139,A
33141,A
33149,A
33152,A
33159,A
3316,A
33165,A
33167,A
33175,A
33190,A
33191,A
33195,A
33199,A
3320,A
33200,A
33205,A
33206,A
3321,A
33223,A
33226,A
33227,A
33239,A
33246,A
33253,A
33255,A
33256,A
33257,A
33259,A
33263,A
33264,A
33266,A
33272,A
33276,A
33280,A
33288,A
33291,A
33295,A
33300,A
33310,A
33311,A
33312,A
33317,A
33322,A
33323,A
33328,A
33332,A
33343,A
33350,A
33353,A
33356,A
33357,A
3336,A
33360,A
33362,A
33363,A
33364,A
33367,A
3337,A
33376,A
33378,A
33379,A
33383,A
33386,A
33389,A
33391,A
33397,A
33405,A
33410,A
33412,A
33420,A
33428,A
33442,B
33448,B
33452,B
33457,B
33460,A
33472,B
33478,C
33483,A
3349,A
33496,B
33500,A
33503,A
33504,B
33505,A
33506,A
3352,B
33525,B
33528,A
33537,A
3354,A
33545,B
33546,B
33549,B
33551,B
33554,A
33566,A
33571,A
33572,A
33574,A
33577,A
3358,A
33582,A
3359,A
33597,A
33601,B
33611,B
33612,A
33615,A
33619,B
33622,B
33626,A
33629,A
33635,B
33646,B
33649,B
3365,A
33653,B
33654,A
33672,C
33674,B
33675,A
33682,B
33686,B
33687,B
3369,C
33690,A
33697,B
3370,A
33711,B
33716,A
3372,A
33720,A
33725,B
33729,A
33732,A
33746,B
33751,A
33753,A
33759,A
3376,A
33760,A
33767,A
33768,A
33772,A
33773,A
33798,A
338,B
3380,A
33802,A
33805,A
33806,A
33808,C
3383,A
33836,B
33837,A
33849,A
33853,A
33854,A
33858,A
33859,A
33863,A
33869,C
3387,A
33886,A
33890,B
33896,A
33900,B
33903,B
33908,A
33911,A
33919,A
33924,A
3393,A
33938,B
33943,B
33947,A
33951,A
33957,A
33964,A
33967,B
33969,A
33972,B
33975,A
3398,B
33981,A
33982,A
33987,A
33988,A
33990,B
33991,A
33993,A
33995,A
33996,A
33999,C
34,C
34000,B
34001,A
34005,A
34008,B
34010,A
34011,A
34018,A
3402,B
34025,B
34029,A
34031,B
34043,A
34048,A
34051,B
34062,A
34064,A
34067,A
34070,A
34071,A
34076,A
34077,A
34085,A
34091,B
34093,A
3410,A
34102,B
34107,A
3411,A
34111,A
34113,A
34124,A
34126,A
34127,A
34135,A
34139,A
34140,B
34155,A
34163,B
34165,A
34169,B
34174,A
34175,A
34177,A
34182,A
34183,A
34188,A
34191,A
34194,A
34195,C
34213,A
34215,A
34218,A
34228,A
34232,B
34236,B
34240,A
3425,A
34250,A
34257,A
34267,A
34277,B
34279,B
34284,A
34285,B
34290,B
34296,A
34300,B
34301,A
34304,A
34314,A
34315,A
34318,A
34319,B
3432,A
34322,B
34333,A
34334,B
34340,B
34344,A
34353,A
34363,B
34365,A
34366,A
34370,A
34371,B
34382,A
34383,A
34385,A
34392,A
34410,A
34415,A
34424,C
34426,C
34433,A
3444,A
34442,A
34450,A
34451,A
34453,A
34460,A
34462,A
34463,A
34467,A
34483,A
34490,A
34497,A
34504,A
34507,A
34510,A
34517,A
34518,A
34525,A
34531,A
34533,A
34547,A
34549,A
34555,A
34558,A
3456,A
34561,A
34567,A
34568,A
34573,A
34579,A
34589,A
34591,A
34595,A
3460,C
34604,A
34612,A
3462,A
34621,A
34624,B
34626,A
34630,A
34647,A
34651,A
34653,A
34654,A
34657,A
34658,A
34660,A
34662,A
34664,A
34669,A
34670,C
34676,A
34680,A
34684,A
34686,A
34688,A
34694,A
3470,A
3471,A
34710,A
34711,A
34713,A
34718,A
34720,A
34722,A
34723,A
34724,A
34725,A
34726,A
34729,A
3473,A
34754,A
34755,A
34761,A
34769,A
34770,A
34776,B
34786,A
3480,A
34803,C
34805,A
34813,A
34820,A
34821,A
34822,A
34833,A
34834,A
34837,A
34841,A
3485,A
34856,A
34867,A
34872,A
34877,A
34882,A
34885,C
34890,A
34891,A
34901,A
34902,A
34906,A
3491,A
34915,A
34919,A
34921,A
34928,C
3493,A
34935,A
34937,A
3494,A
34941,A
34948,A
34950,A
3496,A
34966,A
34968,A
34971,A
34975,A
3498,A
34983,A
34984,A
34988,A
34992,A
34996,A
35,A
350,A
35007,A
35009,A
35012,A
35013,A
35021,B
35023,A
35029,A
35031,C
35032,A
35034,A
35035,A
35038,A
35044,A
35058,A
35060,A
35061,A
35065,A
35066,A
35074,A
35084,A
35095,A
35097,A
35099,A
35102,A
35104,A
35105,A
35107,A
35111,A
35119,A
35125,A
35130,A
35131,A
3515,C
35154,A
35157,A
35158,A
3516,A
35161,A
35162,A
35166,B
35181,A
35186,A
35188,C
35192,A
35201,A
35202,A
35210,C
35211,A
35216,A
35217,A
35220,A
35223,A
35227,A
35229,C
35230,A
35233,A
35246,A
35257,C
35266,A
35269,A
3527,A
35271,A
35277,A
35278,A
35279,A
35282,A
35290,A
35292,A
35302,A
35303,A
35307,A
35308,A
3531,A
35313,A
35317,A
3532,A
35332,A
35341,B
35345,B
3535,A
35351,B
35354,B
35357,B
35374,A
35377,B
35382,A
3539,A
35393,B
354,C
35402,A
35405,B
35407,B
35409,A
35411,B
35417,B
35418,A
35423,B
35429,B
35431,B
35434,C
35435,A
35438,B
35440,A
35448,B
3545,A
35453,B
35456,A
35460,B
35463,A
35465,A
35475,A
35477,A
35480,A
35487,B
35491,B
35509,A
35511,A
35513,B
35518,A
35529,B
3554,A
35540,B
35552,A
35556,C
35557,B
35559,A
35561,B
35571,A
35585,B
35586,B
35587,B
35589,A
3559,A
35590,B
35592,A
35595,A
35600,B
35606,B
35609,A
35610,A
35611,B
35613,B
35616,B
35619,B
35627,B
35646,A
35649,B
35651,B
35654,A
35658,B
35665,B
35669,B
35673,B
3568,A
35689,A
3569,A
35692,A
35698,A
3570,A
35702,A
35704,A
35705,A
35707,A
35719,A
35722,A
35726,A
35728,A
35729,A
35730,A
35732,A
35735,A
35738,A
35740,C
35741,A
35747,A
3575,A
35763,A
35764,A
35768,A
35770,A
35772,A
35773,A
35774,A
3578,C
35786,A
35789,A
3579,C
35795,A
35799,A
35801,A
35803,A
35804,C
35807,A
35809,A
35812,A
3582,A
35824,A
35825,A
35826,A
35827,A
35840,A
35847,A
35856,A
35868,A
35872,A
35876,A
35893,A
3590,A
3591,A
3592,A
35929,A
35931,A
35944,A
35946,A
35948,A
35953,A
35957,A
35959,A
35963,A
35966,A
35969,A
35974,A
35986,A
35990,A
35991,A
35995,A
35998,A
360,A
36001,A
36010,A
36012,B
36013,B
36014,A
36019,A
36020,B
36024,B
36026,B
3603,A
36032,B
36034,B
36036,B
36037,B
36046,B
36047,B
36050,B
36054,A
36064,B
36069,B
3607,A
36070,B
36071,B
36072,B
36073,B
36077,A
36078,B
36085,B
36091,B
36092,B
36093,B
36099,B
3610,A
36106,B
36108,A
36111,B
36120,B
36127,B
3613,B
36141,B
36147,B
36149,B
36152,B
36153,B
36154,B
36157,B
36160,B
36165,B
36168,B
36177,B
36183,B
3619,A
362,A
3620,A
36202,B
36207,B
36210,B
36215,B
36217,B
36218,A
36220,B
36226,B
36231,A
3624,B
36240,B
36246,B
3625,A
36260,B
36261,B
36266,B
36281,B
36288,A
36293,B
36298,B
36316,A
3632,A
36323,B
36328,B
36339,B
36349,B
3635,C
36350,B
36352,B
36367,B
36368,B
36371,B
36375,B
36377,B
36378,B
36380,B
36383,B
36388,A
36390,B
36395,A
36399,A
3640,A
36400,A
36401,A
36406,A
36407,B
3641,C
36413,A
36419,A
36427,A
36429,A
3643,A
36431,B
36438,A
3644,A
3645,A
36465,A
36475,A
36499,A
36504,A
36506,B
3651,A
36519,A
3652,A
36524,A
36526,A
36530,A
36538,A
36546,A
36547,A
3655,A
36550,A
36553,A
36554,A
36556,A
36562,A
36572,A
36573,A
36580,A
36581,A
36584,A
36599,A
366,C
3660,C
36608,A
36613,A
36617,A
36621,A
36624,A
36631,A
36638,A
36641,A
36643,A
36646,A
36647,B
36651,A
36653,A
36656,B
36662,A
36666,B
36667,A
36669,A
36680,B
36681,A
36687,A
36689,A
3669,A
36690,B
36705,A
36706,A
36709,A
36713,A
36717,B
36718,A
36723,B
36724,B
36731,B
36732,A
36733,B
36734,A
36735,A
36736,A
36738,B
36743,B
36745,B
36748,B
36762,A
36765,A
36768,A
36772,A
36774,A
36777,C
36779,B
36781,B
3679,C
36794,B
36796,A
36806,B
3681,C
36814,B
36818,A
36819,B
36821,B
36828,A
36831,A
36833,A
36843,B
36849,B
36851,B
36852,B
3686,A
36869,B
3687,A
3689,A
36893,B
36897,A
36905,A
3691,A
36921,B
36923,B
36924,B
36925,B
36930,A
36938,A
36942,B
36943,B
36946,B
3695,A
36952,B
36959,A
36963,A
36964,A
36970,A
36972,B
36976,A
36982,A
36989,B
36992,A
36995,B
37002,B
37003,B
37004,B
37005,A
37018,B
37022,A
37037,B
37038,B
37039,B
37041,A
37044,B
37045,A
37048,A
37049,A
37058,B
37059,B
37060,A
37065,A
37066,B
37068,B
37071,B
37076,B
37084,A
37085,A
37087,A
37088,B
37094,B
37102,A
37106,A
37114,A
37118,B
37119,B
3712,B
37120,B
37124,B
37125,A
37129,B
3715,B
37157,B
37158,A
37163,B
37174,A
37181,B
37188,A
37199,A
37200,A
37201,B
37203,A
37204,B
37205,A
37209,B
37214,A
37216,A
37226,A
37229,A
37231,B
37235,A
37237,B
37245,B
37249,A
37252,B
37256,B
3726,B
37271,B
37281,A
37285,B
37290,B
37293,B
37295,A
37303,B
37304,B
37312,A
37317,A
37335,A
37338,B
37339,A
37342,B
37350,A
37359,B
3736,A
37364,A
37365,A
37372,B
37376,A
37379,B
3738,B
37380,A
37384,B
37386,A
37392,B
37393,B
37399,A
3740,B
37401,A
37412,B
37419,A
37420,B
37422,A
37428,A
37440,A
37443,A
37449,A
37456,A
37461,A
37483,A
37495,A
37513,A
37519,B
37533,B
37541,B
37546,A
37554,A
37555,B
37563,B
37567,A
37569,B
37579,A
3758,A
37580,B
37583,B
37587,A
37589,B
3759,B
37590,A
37602,B
3761,B
37611,B
37612,B
37615,B
37626,B
37628,A
37632,A
37634,C
37641,A
37649,B
37653,B
37656,A
37657,B
37665,B
37667,A
37669,A
37670,B
37671,A
37674,B
37676,B
37678,A
37694,B
37695,A
37705,A
37717,B
37722,B
37730,A
37733,A
37736,A
37743,B
37746,B
37751,A
3776,B
37761,A
37764,B
37767,B
37769,B
37787,A
37793,A
378,A
37811,B
37812,B
37817,A
37822,B
37823,A
37832,B
3784,A
37840,B
37841,A
37842,A
37844,A
37845,A
37847,B
37848,B
37861,A
37862,A
37863,A
37867,B
37869,B
37882,B
37883,B
37885,B
37886,A
37891,A
37905,A
37908,B
37910,A
3792,A
37925,A
37926,A
37934,A
37935,B
37939,A
37941,A
3795,B
37950,A
37953,B
37956,B
37965,B
37969,B
37970,B
37975,A
37980,B
37984,B
37992,A
37993,A
37995,A
38,C
3800,B
38001,A
38002,A
38011,B
38012,A
38013,A
38023,B
38024,A
38029,B
38036,A
38044,A
38053,A
38057,B
38059,A
38067,A
38068,B
3807,B
38083,A
38096,A
38102,A
38108,A
38109,A
38110,A
38114,A
38115,B
38124,A
38127,A
38134,A
38135,A
38146,B
3815,B
38153,A
38154,B
3816,B
38160,A
38168,A
38173,A
38182,A
38195,B
38199,A
38205,A
38209,B
38213,A
38216,B
38219,B
3822,C
38222,A
3823,A
38230,B
38232,A
38235,A
38236,A
38241,A
38242,B
38244,B
38245,A
3825,B
3826,C
38261,A
38262,A
38263,A
3827,A
38279,A
3828,B
38292,B
38295,A
38299,B
38312,B
38314,A
3832,B
38320,A
38323,B
38329,B
38331,B
38336,B
3834,C
38344,B
3835,A
38359,B
38369,C
38371,A
38375,A
38376,C
38385,A
3840,B
38406,A
3841,B
38410,B
38411,A
38416,A
38417,B
38418,A
38420,A
38422,A
3843,A
38430,B
38436,A
38442,A
38447,A
38449,A
38459,A
38460,A
38468,A
38477,A
38479,A
38485,B
38487,A
38488,B
38490,A
38494,A
38501,A
38513,A
38526,B
38529,B
38537,B
38541,B
38548,B
38550,A
38551,B
38553,B
38556,A
38559,B
38562,B
38569,B
38573,A
38578,B
38590,A
38592,B
38594,B
38595,A
38605,C
38608,A
38609,B
3861,C
38613,A
38621,B
38622,B
38624,A
38639,C
3864,A
38661,A
38666,C
38671,C
38673,A
38674,A
38685,A
38686,A
38700,A
38701,B
38705,B
38711,A
38713,A
38716,B
3872,B
38724,A
38725,B
38727,B
38731,A
38733,A
38741,A
38744,A
38745,A
38755,B
38762,A
38764,A
38772,A
38773,B
38777,A
38788,A
38792,B
38800,B
38802,B
38805,C
38808,B
3881,A
38810,B
38820,A
38823,B
38830,A
38838,A
38844,A
38845,A
38846,B
38847,B
38856,A
38858,A
38860,A
38863,B
38876,A
38878,A
38882,A
38883,A
3889,B
38892,A
38899,A
389,A
38900,A
38902,A
3891,B
38916,A
38917,A
38925,A
3893,A
38942,A
38948,A
38952,A
38955,A
38958,A
38961,A
38970,A
38975,A
38979,A
3898,C
38987,A
38989,A
3899,A
38991,A
38994,A
38998,A
390,A
39009,A
39013,A
39016,C
39025,A
39026,A
39030,A
39036,A
39038,A
39040,A
39041,A
39042,B
39048,A
39053,A
39058,A
39062,C
39067,A
3907,B
39078,A
39082,A
39084,A
3909,A
39104,A
39107,A
3911,C
39111,A
39114,A
39116,A
39117,A
39123,A
39126,A
39127,A
39130,A
39131,C
39133,A
39134,A
39135,A
39146,A
39152,A
39156,A
39157,A
39158,B
3917,C
39177,A
39188,A
39192,C
39194,B
392,B
39206,A
3921,A
39217,A
39223,C
39226,A
39228,A
39229,A
39231,A
39237,C
39243,A
39249,A
39253,A
39262,A
39264,A
3927,B
39276,A
39278,A
3928,B
39280,A
39287,A
39289,A
393,C
3931,C
39310,A
39328,A
39330,A
39334,A
39338,A
39339,A
39346,A
39347,A
39350,A
39358,A
39363,A
39373,A
39382,A
39392,A
39395,A
39396,A
39399,A
394,A
39401,A
39402,A
39409,A
39418,A
39420,A
39429,A
39433,A
39442,A
39443,A
39464,A
39465,A
39470,A
39473,A
39478,A
39481,A
39484,A
39489,A
39494,A
395,A
39503,A
39515,A
39522,A
39528,A
39534,C
39536,A
39537,A
39538,A
39542,A
39544,A
39550,A
39557,A
39578,B
39579,A
3959,B
39598,A
39602,A
39609,A
39610,A
39619,A
39622,A
39627,A
3963,B
39640,A
39648,A
39652,A
39655,A
39659,A
39665,A
39667,A
39675,A
39679,A
39681,A
39692,A
39693,A
39699,A
3970,A
39700,A
39708,A
39713,A
3972,A
39720,A
39723,A
39737,A
39739,A
39743,A
39745,A
39748,A
39753,A
39770,A
39772,C
39776,A
39778,A
39780,A
39787,A
3979,C
39791,A
39794,A
39798,A
398,B
39801,A
39802,A
3981,B
39812,B
39818,A
39821,A
39825,A
3983,A
39831,A
3984,A
39846,A
39853,A
39863,A
39875,A
39877,A
39885,A
39887,A
39888,A
3989,A
39891,A
39895,A
39897,A
39900,A
39902,B
39911,A
39916,B
39924,A
39928,A
39930,B
39931,A
39940,A
39943,A
39950,A
39954,A
39958,B
39959,A
39974,A
39980,A
39983,A
39999,A
40,A
40001,A
40009,A
40011,B
40022,A
40023,A
40025,A
40026,A
40029,A
40038,A
40039,A
40059,C
4006,B
40065,A
40068,A
40076,A
40086,A
40092,A
40107,A
4011,C
40111,A
40112,A
40116,A
40121,A
40140,A
40147,A
40148,A
40156,A
40157,A
40159,A
40160,A
40164,A
40165,C
40166,C
40169,C
4017,A
40173,A
40178,A
40183,A
40188,A
4019,B
402,A
40201,A
40205,A
40215,A
4022,B
40221,B
40223,A
40226,A
40237,A
40239,A
40241,C
40242,A
40247,A
40248,A
40253,A
40260,A
40264,A
40267,A
4027,C
40277,A
40279,A
40290,A
40292,A
40294,A
40295,A
40300,A
40306,A
40314,A
40316,A
40319,A
40325,A
40326,C
40332,A
40335,A
40336,A
40348,A
40350,A
40352,A
40358,A
40359,A
4036,A
40364,A
40369,A
4037,C
40373,A
40386,A
40387,A
4039,B
40395,A
40402,A
40403,A
40404,A
40413,A
40415,A
40417,A
40418,A
40423,B
40427,A
40428,A
40451,A
40456,A
40461,A
40465,A
40468,A
40478,A
40482,A
40485,A
40492,A
405,B
40500,A
40506,A
40511,A
40515,A
40524,A
40526,A
40533,A
40536,C
4054,C
40541,A
40543,C
40546,A
40555,A
40564,B
40566,C
40581,A
40589,A
40599,A
40606,A
40607,C
40617,B
40622,A
40624,A
40626,A
40629,A
4063,C
40634,A
40636,A
4064,B
40642,A
40648,A
40654,B
40656,A
40658,A
40659,A
40660,A
40665,A
40666,C
40676,C
40680,A
40682,A
40685,A
40703,A
40711,C
40712,A
40717,A
40718,A
40720,A
40726,A
40739,A
40740,A
40741,C
40748,A
4075,B
40760,A
40762,A
40763,A
40769,A
40770,A
40772,A
40773,A
40778,A
4079,A
40790,A
40791,A
40797,A
40799,C
40802,A
40803,A
40808,A
4081,A
40813,A
40818,A
40828,A
40844,C
40855,A
40857,A
40860,A
40864,C
40866,A
40873,A
40876,A
40879,A
40880,A
40888,A
40889,C
40895,B
40896,C
40897,A
40901,A
40903,A
40904,A
4091,A
40923,A
40927,A
40934,A
40936,A
40938,A
40940,A
40941,A
40942,A
40943,A
40948,A
40963,C
40964,A
40969,A
4097,C
40971,C
40977,A
40988,A
40993,A
40999,A
410,B
41000,A
41005,A
41016,A
4102,C
41021,A
41027,A
41033,A
41038,A
41064,A
4107,C
4108,A
41082,C
41084,A
41085,A
41089,A
41096,A
41102,A
41104,A
41106,A
41110,A
41112,A
41118,A
41120,A
41121,A
41125,A
41126,A
41129,A
4113,B
41133,A
41138,A
41140,A
41145,A
4115,C
41155,C
41157,C
41161,A
41164,A
41165,A
41168,A
41172,C
41177,A
41181,A
41184,C
4119,B
41192,A
41193,A
41201,A
41209,A
41211,A
4122,A
41220,A
41222,A
41227,C
41232,A
41237,A
4124,A
41243,A
4125,B
41255,A
41262,A
41263,A
41277,A
41279,A
41283,C
41285,A
41295,A
41297,A
413,A
41315,A
41317,A
41321,C
41323,A
4133,B
41333,A
41337,A
41341,A
41345,A
41351,A
41354,A
41359,A
41365,A
41374,A
41375,A
41380,A
41383,A
41385,A
4139,A
41391,A
41406,A
41414,A
41416,A
41418,C
41421,A
41434,A
41435,A
41437,A
41442,C
41457,A
41461,A
41474,A
41475,A
41485,A
41486,A
4149,B
41491,A
41496,B
41497,B
41498,B
41499,B
41508,A
41509,A
41515,A
41521,A
41522,B
41526,B
41528,B
41532,A
41541,B
41542,A
41546,B
41550,A
41558,B
41559,B
41561,B
41564,B
41577,B
41581,B
41589,B
41592,B
41595,A
41597,B
4160,A
41613,B
41626,B
41628,B
41632,B
41642,B
41644,A
41651,B
41652,B
41662,B
41666,A
41667,B
41670,B
41673,B
41674,B
41685,B
41688,B
4169,B
41690,B
41693,C
41695,B
41697,B
41699,A
41700,B
41707,B
41708,B
41713,B
41726,B
41728,B
4173,A
41737,A
41747,B
4175,A
41753,B
41756,A
41762,B
41764,B
41771,A
41783,A
41789,A
41796,B
41802,B
41816,B
4182,B
41826,B
41828,B
4183,A
41836,B
4184,B
41844,A
41845,A
41846,A
41852,B
41853,B
41856,B
41861,B
41865,A
4187,A
41870,A
41872,B
41873,B
41877,A
4188,A
41884,A
41890,A
41897,B
41900,B
41902,B
41909,A
41913,B
41922,B
41923,B
41926,B
4193,A
41932,B
41934,B
41936,B
4194,B
41942,B
41946,B
41947,C
41949,B
41950,B
41956,A
4196,A
41963,B
41974,A
41978,A
4198,A
41981,A
41984,B
41989,A
41991,A
4200,B
42002,A
42004,A
42005,A
42016,B
42018,A
42022,A
42027,A
42029,B
42031,B
42042,B
42044,B
42046,A
42052,B
42055,A
42059,B
42062,B
42067,B
42070,B
42076,B
42079,B
4208,B
42084,A
42085,B
42089,A
42093,B
42101,A
42102,B
42119,B
42122,A
42126,B
42127,A
42128,A
42136,B
42138,B
42145,B
42146,A
4215,A
42151,B
4218,B
42180,B
42184,B
42196,A
42206,A
42207,B
42234,A
42240,B
42249,B
42256,B
42258,B
42264,B
42266,B
42271,B
42274,B
42277,A
42279,B
42281,B
42284,B
42289,A
42290,B
42293,A
42297,B
42300,A
42304,B
4231,C
4232,B
42335,A
42340,B
42344,B
42346,B
42349,B
42352,A
42355,A
42360,A
42361,C
42365,B
42371,A
42372,A
42384,B
42390,B
42392,B
42394,B
42398,B
42404,A
42410,B
42424,B
42435,A
42438,A
42439,B
4244,B
42440,B
42456,B
42457,A
4246,B
42465,B
42475,A
42485,B
42490,C
42497,A
42501,B
42502,B
42505,A
42507,B
42512,A
42515,B
42520,B
42521,C
42523,B
42524,B
4253,C
42531,B
42543,A
42545,B
42551,A
42554,B
42555,A
4256,B
42560,A
42562,B
42569,B
42575,A
42580,B
42581,A
42586,B
42589,B
42601,A
4262,A
4263,A
42631,A
42632,B
42635,A
4264,A
42642,A
42646,A
42651,A
42658,B
42661,B
42665,B
42673,C
42675,A
42687,A
42690,A
42700,A
42706,B
4271,C
42710,B
42715,B
42725,B
42728,A
42734,A
42741,B
42749,B
42752,B
4276,B
42764,B
42766,B
42776,A
42781,B
42783,B
42785,A
42789,A
42792,A
42794,A
42795,A
42799,A
42812,A
42815,B
42817,A
42828,A
4283,B
42834,B
42839,B
4284,B
42841,A
42851,A
42852,B
42857,A
42858,B
42859,B
4286,A
42863,A
4287,A
42871,A
42874,B
42875,A
42879,B
42886,B
42887,A
4289,A
42890,A
4290,A
42902,A
42914,A
42919,A
4292,A
42920,B
42922,A
42923,A
42937,B
4294,A
42941,A
42944,A
42949,B
42955,A
42957,B
4296,B
42969,B
42971,B
42974,B
42976,B
42977,B
42981,B
42988,B
42989,B
42992,A
42994,A
42996,B
42998,B
430,A
4300,A
43005,A
43015,A
43021,B
43024,B
43030,A
43037,A
43040,B
43043,A
43044,A
43047,B
43049,B
4305,A
43062,A
43063,A
43075,A
43085,A
4309,A
43090,A
43095,B
43102,A
43106,A
43114,B
43115,A
43138,A
4314,B
43146,A
43153,A
43157,A
43163,B
43165,A
43166,B
43167,A
4317,B
43171,A
43172,A
43173,B
43175,A
43177,A
43180,A
43187,A
43190,A
43198,A
4320,B
43200,A
43201,A
43205,A
43207,A
43209,B
4321,A
43211,A
43212,A
43218,B
4322,A
43221,A
43229,A
43234,A
43238,A
43241,A
43250,A
43253,A
43258,A
43260,A
43261,A
43262,A
43270,A
43271,A
43276,A
43278,A
43288,A
43292,A
43308,A
43312,A
43313,A
43314,A
43316,C
4332,A
43324,A
43326,A
43330,A
43333,A
43335,A
43339,A
4334,A
43343,A
43345,A
4335,A
43351,A
43354,A
43356,A
43367,A
43372,B
43374,A
43382,A
43384,A
43388,A
43402,A
43404,A
43405,A
43407,A
43409,A
43410,A
43418,A
43423,A
43426,A
43436,A
43438,A
43443,A
43451,A
43464,A
43467,A
43477,B
43486,A
43494,A
43498,A
43506,A
4352,A
43520,A
43531,A
43533,A
43535,A
43537,A
43543,B
43555,A
43559,A
43562,A
43568,B
4357,A
43583,A
436,A
43603,A
4361,B
43610,A
43615,A
43624,A
43625,A
43635,A
43638,A
43639,A
43645,A
43646,A
43649,B
4365,B
43650,A
43653,A
43658,C
43659,A
43667,A
43669,B
43670,A
43681,A
43683,A
43691,A
43697,A
43699,A
43700,B
43708,A
43710,A
43724,B
43727,A
43728,A
43731,B
43745,A
43747,C
43752,A
43757,A
43758,A
43760,A
43761,B
43762,A
43767,B
43772,C
43773,B
4378,B
43791,A
43802,A
43804,A
43805,A
4381,B
43813,A
43815,A
43816,B
43819,A
43831,C
43832,A
43838,C
4384,B
43841,B
43844,A
43847,C
4385,B
43852,C
43863,B
43868,A
43873,C
43882,A
4389,B
43894,A
43898,A
43899,A
43900,B
43907,A
43908,A
43911,B
43919,A
43923,A
43948,C
43955,A
43956,B
4396,B
43964,B
4397,B
43971,C
4398,A
43990,B
43992,A
43998,B
4401,A
44016,A
44028,A
44031,B
44032,A
44035,A
44037,A
4404,A
44040,A
44041,C
44044,A
44046,B
44063,A
44064,A
44066,A
4407,B
44073,B
44075,A
44080,A
44081,A
44090,B
44096,A
44104,B
44108,A
44109,C
4411,B
44115,A
44116,B
44121,A
44126,A
44127,A
44130,A
44131,B
44137,B
44144,A
44146,A
44160,C
44165,A
44167,A
44169,A
44178,A
44181,A
44185,A
44187,A
4419,A
44196,A
44198,A
4420,B
44200,A
44210,A
44231,A
44233,A
44236,A
4424,B
44240,C
44244,A
44249,A
44254,A
4426,B
44269,A
44281,C
44282,A
44285,A
44290,A
44294,B
44297,A
44302,A
44305,A
44308,B
4431,B
44311,A
44317,A
44321,A
44325,A
44332,B
44335,A
44344,A
44347,B
44352,A
44363,A
44377,B
44379,A
44382,A
44395,A
44397,A
44399,A
444,A
4440,B
44401,B
44404,A
44405,A
44406,A
44421,A
44429,B
44434,A
44439,B
44440,A
44441,A
44443,B
44451,A
44455,C
44462,B
44464,C
44465,C
4447,B
44481,A
44482,A
44486,C
44487,A
44488,B
44489,A
44497,B
44509,A
4451,C
44516,B
44519,C
44523,B
44536,A
44538,A
44543,A
44550,A
44555,C
44557,A
44560,A
44562,A
44565,A
44566,A
4457,B
44572,A
44576,A
44579,A
44585,B
44589,A
4459,B
44591,A
44596,A
44599,A
4460,A
44600,A
44603,A
44607,A
44608,A
44617,A
44620,A
44627,B
44634,B
44635,A
44636,A
44638,B
44641,B
44642,B
44643,A
44650,A
44654,A
44658,B
44664,A
44679,B
44698,A
447,B
44703,C
44705,A
44713,C
44722,A
44730,B
44731,C
44732,B
44735,C
44742,B
44743,B
44756,B
4476,B
44762,A
44763,A
44764,C
4477,C
44773,A
44775,B
44780,C
44791,A
44792,A
44794,C
44800,A
44806,A
4481,B
44815,C
44832,A
44834,A
44850,A
4487,B
44871,A
44875,A
44879,A
44891,C
44892,B
44897,A
4490,B
44901,B
44902,A
44905,A
44909,A
4491,B
44911,A
44912,B
4492,C
44927,A
44933,B
44939,A
44948,A
44950,A
44954,A
44968,A
44972,A
44978,A
44979,A
44983,B
44990,A
44993,B
44994,A
44995,A
44998,A
4507,A
4513,A
4514,A
4519,B
4520,A
4521,A
4523,C
4524,C
4525,B
4530,A
4549,B
4557,B
4563,B
4568,A
4578,B
4579,B
4583,A
4590,B
4603,A
4611,A
4615,C
4624,B
4633,C
4636,C
4640,A
4642,C
4649,B
466,A
4661,B
467,A
4672,B
4675,B
4678,B
468,B
4691,A
4698,C
4699,B
470,A
471,A
4725,A
4727,A
4728,B
4731,A
4737,B
4742,A
4746,B
4749,A
4755,C
4759,C
4762,B
4772,B
4775,A
4780,A
4783,B
4786,C
4787,A
4789,C
4790,A
4794,B
4798,A
4802,C
4805,A
4806,B
4807,B
4810,B
4815,C
4818,C
4819,A
4822,B
483,B
4831,B
4833,B
4845,B
4851,A
486,B
4865,C
4866,B
4881,A
4884,C
4894,B
490,B
4900,B
4909,B
4914,B
4916,A
4917,C
492,B
4929,A
4941,A
4944,B
4945,C
4946,B
4950,A
4962,A
4965,B
4971,B
4983,A
4994,C
5002,A
5015,B
5029,C
5030,A
5031,C
5032,A
5033,C
5035,A
5043,C
5044,C
5045,A
5047,B
5058,B
5068,C
508,A
5080,A
5081,A
5088,B
5091,B
5097,C
5098,A
5099,B
5119,A
5120,A
5122,B
5123,A
5136,A
5137,A
5147,A
5152,A
5154,C
5167,A
5182,A
5187,A
5191,A
5206,A
521,A
5211,A
5221,A
5223,A
5229,C
5231,C
5235,B
5244,A
5247,B
5248,C
5249,B
525,A
5254,A
5262,C
5268,B
5269,A
527,A
5270,C
5279,C
5280,C
5283,C
529,B
5291,A
5294,C
5300,A
5303,A
5308,B
5312,C
5313,A
5315,A
5318,C
532,A
5320,A
5321,B
5327,B
5328,A
5332,B
5333,B
5335,C
5336,C
5340,B
5341,A
5346,C
5357,B
5359,A
5361,B
5365,A
5366,B
5377,B
539,A
5394,A
5395,B
5397,C
54,A
540,A
5407,C
5408,A
5409,C
541,A
5412,A
5413,A
5417,C
5426,A
5428,A
5437,A
5439,B
544,B
5443,B
5445,C
5448,C
5452,A
5458,A
5461,A
5463,B
5466,A
5467,B
5469,C
548,A
5501,A
5504,A
5508,B
5522,C
5525,C
5534,C
5536,C
5538,B
5542,A
555,A
5551,B
5558,B
5568,A
5579,C
5582,A
5584,C
5586,A
5588,A
559,B
5598,B
5601,A
5603,C
5605,A
5607,B
5612,A
5615,A
5617,A
5619,A
5620,A
5627,A
5629,B
5635,A
5636,A
5637,C
5641,B
5645,B
5646,A
5647,A
5655,C
5657,A
566,A
5661,A
5665,A
5666,C
5671,A
5672,B
5685,C
5690,B
5695,B
5700,B
5702,A
5708,A
5714,C
5716,B
5719,A
5721,C
5723,B
5725,C
5730,C
5735,A
5736,A
5737,C
5738,B
5739,A
5740,C
5742,A
5743,A
5749,C
5750,B
5752,C
5756,A
5759,A
5760,C
5761,B
5779,C
5782,C
5784,C
579,A
5795,B
5797,C
5806,A
5807,A
5811,A
5813,A
5816,A
5819,C
5821,A
5828,A
5842,B
5855,C
5858,C
5862,A
5863,A
587,A
5870,A
5873,A
5878,A
5879,A
5880,A
5886,A
5888,A
5889,A
589,B
5896,A
5903,C
5906,A
5909,B
591,B
5917,C
5920,A
5922,A
5923,A
5924,A
5931,A
5937,A
5939,C
5940,C
5942,A
5944,C
5949,A
5953,A
5955,A
5960,A
5966,A
5969,A
5975,A
5977,A
5979,A
5981,A
5983,A
5986,A
5987,C
599,C
5997,A
5999,B
6007,A
6017,A
6023,B
6027,A
6028,A
6031,A
6039,C
6040,A
6045,A
6053,C
606,A
6064,C
6068,A
607,B
6080,A
6083,C
6087,A
6091,A
6100,C
6112,A
6114,C
6119,A
6129,C
6132,A
6135,A
6145,A
6147,C
6149,A
6159,A
6162,A
6174,A
6175,A
6184,A
6195,C
62,A
621,C
6215,A
6221,B
6224,A
6228,A
6229,A
6231,A
6238,A
6240,C
6244,C
6247,A
626,A
6264,A
6273,A
6279,A
6286,C
6290,B
6292,C
6293,A
6301,B
6313,A
6314,C
6315,B
6323,A
6332,C
6333,C
6334,A
6335,C
6339,C
6354,C
6360,A
6362,A
6368,C
6369,A
6374,C
6378,A
6379,A
6383,C
6391,A
640,A
6401,A
6407,A
6410,A
6421,C
6426,B
6427,A
6428,A
644,A
6442,C
6446,C
6449,B
6450,A
6462,A
6479,A
648,A
6481,A
6485,C
6490,A
6493,A
6496,A
6498,A
6507,B
6512,A
6517,A
6524,A
6535,A
6539,C
6547,C
6553,C
6558,C
6559,A
6563,A
6565,A
6568,A
6570,A
6572,A
6573,C
6578,A
6582,A
6589,A
6590,C
6600,A
6604,B
6605,B
6611,C
6624,A
6634,C
6637,A
6639,A
664,A
6646,C
6648,C
665,A
6651,A
6655,B
6658,A
6663,A
6665,A
6668,A
6672,B
6678,C
6679,A
6682,C
6685,A
6692,A
6694,A
6698,A
6710,C
6714,C
672,C
6723,B
6725,A
6739,A
674,A
6741,A
6742,B
6743,A
6745,C
6752,C
6760,B
6763,A
6765,A
6768,A
6769,C
6772,A
6784,C
6789,A
6790,A
6802,A
6804,A
6809,A
6811,A
6816,A
6817,A
6823,A
6825,A
6826,A
683,A
6844,C
6854,A
6859,A
6863,A
6867,B
6871,B
6875,B
6879,B
6885,A
6888,B
689,C
6891,A
6900,C
6903,B
6908,A
6923,A
693,A
6943,B
6953,B
6954,A
6957,B
6959,C
6962,B
6963,A
6966,A
6967,C
697,B
6975,B
6977,A
6981,B
6983,B
6990,B
6998,C
7001,A
7005,A
7011,B
7014,A
7015,B
7016,A
703,B
7031,A
7044,B
7047,B
7053,B
7075,B
7076,C
7077,C
7078,B
708,A
7084,A
7087,C
7090,C
7093,A
7099,A
7104,C
7120,C
7122,C
7123,A
7124,A
7130,B
7133,A
7138,C
714,A
716,B
7163,C
7171,C
7180,C
7183,B
7185,B
7187,B
7204,A
7206,B
721,A
7215,C
722,B
7222,C
723,A
7230,A
7231,C
7234,B
724,A
7245,A
7258,B
7264,C
7266,A
727,A
7284,A
7285,A
7287,B
7290,C
7295,C
7320,A
7321,B
7322,C
7323,B
7331,A
7332,B
7338,A
7343,B
7353,A
7355,A
7356,B
7358,A
7368,C
7372,C
7373,A
7378,B
7382,B
7391,C
7392,B
7398,A
7401,C
7403,B
7409,C
7411,B
7417,C
7425,C
7430,A
7433,C
7438,B
7445,C
7458,A
7459,A
746,B
7467,C
7469,A
7470,C
7491,A
7499,A
750,A
7511,A
7512,A
7517,B
7522,B
7527,C
7528,C
753,A
7531,C
7543,A
7552,A
7555,C
7560,A
7561,B
7568,A
7576,C
7581,A
7599,A
7600,A
7609,A
7615,C
7621,A
7624,A
7637,A
7638,A
7639,C
7642,B
7645,C
7654,A
7667,A
7668,A
7688,A
7690,B
7691,A
7693,A
7699,A
77,A
7701,A
7704,C
7708,C
7709,C
7736,C
7743,B
7744,B
7748,B
7752,C
7754,A
7761,B
7778,B
778,A
7787,A
779,A
7792,A
7799,A
7800,B
7809,A
7810,B
7822,C
7828,B
7839,B
7840,B
7842,B
7856,C
7859,B
7860,A
7861,B
7885,C
7886,C
7891,C
7898,A
7900,B
7907,B
7908,A
791,A
7923,A
7932,B
7934,A
7938,C
7944,A
7952,A
7960,C
7966,A
7982,C
7985,C
7989,B
7993,C
7995,A
7998,B
7999,A
8,A
80,B
8001,A
8004,B
801,B
8016,C
8023,A
8027,B
803,A
8030,A
8033,A
8035,A
8037,A
8041,A
8043,C
8047,A
8049,B
805,A
8052,A
8066,A
8067,A
8071,C
8074,C
8076,C
8079,A
8082,A
809,B
8092,A
8094,A
8097,A
8099,A
81,A
8105,A
8110,C
8113,B
8115,A
8122,A
8123,C
8128,A
8132,C
8141,A
8142,B
8159,A
8160,A
8165,A
8168,A
8170,A
8171,A
8175,A
8177,B
8183,C
8186,C
8191,B
8195,A
8197,A
8205,A
8207,B
8213,A
8223,A
824,B
8247,B
8249,B
825,C
8257,A
8258,A
826,A
8264,A
8269,A
827,A
8277,A
829,A
8295,A
8297,A
8306,B
8307,A
8308,A
8311,A
8312,A
8319,B
832,A
8321,B
8330,A
8334,A
8335,A
8354,B
8360,B
8363,A
8380,A
8395,C
8398,A
8403,A
8405,A
8406,A
8407,A
8417,A
8427,A
8430,A
8435,B
8441,B
8457,A
8469,B
847,A
8472,B
8480,B
8483,A
8484,A
8486,B
8490,A
8506,A
8508,B
8509,A
851,A
8515,B
8517,A
8534,A
8547,A
8549,B
8552,A
8561,B
8565,A
8566,A
8568,A
858,B
8580,A
8589,B
8591,B
8592,A
8596,B
8597,A
8599,B
860,B
8603,A
8604,A
861,B
8611,B
8620,A
8621,B
8623,B
8628,B
8638,B
864,A
8641,A
8644,B
8649,B
8651,A
8664,B
8670,B
8675,B
868,A
8680,B
8682,B
8683,A
8687,C
869,B
8697,A
8713,C
8722,B
8723,A
8725,A
8726,A
8734,A
8736,B
874,A
8747,A
8751,A
876,A
8765,B
8769,A
8776,A
8778,A
8779,A
878,C
8792,A
8793,B
8794,A
8800,A
8818,A
8819,A
8832,A
8833,A
8836,A
8844,A
8848,A
8856,A
8859,A
886,B
8864,A
8866,B
8867,A
8868,B
8872,A
8875,B
8876,A
8878,A
8884,C
8897,C
8898,A
89,C
8900,A
8901,A
8902,B
8904,C
8907,B
8910,A
8911,A
8912,B
8913,A
8915,A
8916,A
8926,B
8937,A
8938,A
8939,A
8940,B
8941,B
8945,A
8946,A
8947,B
8950,A
8965,A
8968,B
8970,A
8978,A
8979,A
8986,A
8995,A
8999,A
900,B
9002,B
9006,A
9008,B
901,A
9017,A
9020,A
9021,A
903,C
9033,A
9034,A
9041,B
9045,A
9048,A
9051,B
9053,A
9058,B
9059,A
907,B
9072,A
9075,B
9089,A
9091,A
9098,A
9103,B
9104,B
9107,B
9114,B
912,A
9120,A
9129,A
9139,B
914,A
9147,B
9151,A
9152,A
9154,A
9169,B
9177,A
9183,B
9190,A
9192,A
9206,A
9207,A
9209,A
9211,A
9215,A
9216,A
9219,A
9221,A
9225,C
9227,A
9233,A
9238,A
9247,A
9254,A
9256,A
9269,A
9289,A
9295,A
9300,A
9302,A
9306,A
9310,A
9312,A
9313,A
9314,C
9316,A
9319,A
9323,A
9326,A
9329,A
9330,A
9334,A
9335,A
9336,A
9338,A
9351,A
9352,A
9380,A
9390,C
9392,C
9397,A
94,A
9400,A
9404,A
9405,A
9412,C
9416,A
9419,A
942,A
9424,A
9427,A
9434,A
9437,A
945,B
9451,A
9456,A
9466,A
9470,A
9471,A
9479,C
9481,A
9486,C
9488,A
949,C
9490,A
9491,C
9494,A
9496,A
9503,A
9504,A
9516,A
9522,A
9528,A
9529,A
9532,A
9535,A
9540,A
9543,C
9556,A
9561,A
9569,A
957,A
9570,B
9571,A
9573,C
9577,A
9586,A
9589,A
9590,A
9594,C
9596,A
9597,A
9598,A
9614,A
9615,C
9617,C
9619,A
9621,A
9622,A
9630,A
9632,A
9633,C
9637,A
9639,A
9645,A
9649,A
9650,A
9659,A
9666,A
9670,A
9673,A
9674,A
9678,A
9679,A
968,A
9684,A
9694,A
9695,C
9696,A
97,C
9702,A
971,A
9713,A
9719,A
9723,A
9727,A
973,B
9730,A
9731,A
9732,A
9736,A
9737,A
974,A
9753,A
9758,A
9759,A
976,A
9760,A
9765,C
9768,A
9772,A
9780,A
9784,A
9787,A
979,A
9792,A
9793,A
9798,A
9799,A
980,A
9807,A
9809,A
9810,C
9816,A
9817,A
982,A
9823,A
9844,A
9857,A
9863,A
9869,A
9871,A
9880,A
9886,C
9889,A
9892,A
9899,A
9900,A
9911,A
9912,A
9914,A
9918,A
992,A
9928,A
9936,C
9938,A
9947,A
9948,A
9951,A
9960,A
9964,A
9975,A
9982,A
9991,A
9992,A
